reported_hunt_year,model_target_year,source_file,source_sha256,source_kind,source_page,source_section,hunt_code,species,unit_or_prefix,hunt_name,metric_tokens,metrics_json,raw_line,harvest_total,permits,hunters_afield,average_days,percent_success,harvest_male_or_buck_or_bull_or_ram,harvest_female_or_cow_or_doe,harvest_young,parse_confidence,parse_notes,do_not_use_for_permit_quota,do_not_use_directly_for_p_draw,trend_feature_eligible,data_quality_flags
2021,2022,21_bg_report.pdf,1553c2f74659f718c8ed0a5c943bed9e29495fb4de6e71794474e9bf03453458,big_game_annual_report,92,"Limited-entry antlerless elk harvest, Utah 2021.",EA1222,Antlerless Elk,22,"Beaver, East",31|0|31|157|138|4.8|22.8,"[31, 0, 31, 157, 138, 4.8, 22.8]","22 EA1222 Beaver, East 31 0 31 157 138 4.8 22.8",31.0,157,138.0,4.8,22.8,31.0,31.0,0.0,MEDIUM,,True,True,True,HUNT_CODE_ROW_EXTRACTED|REQUIRES_SPOT_CHECK_FOR_COMPLEX_PDF_TABLES
2021,2022,21_bg_report.pdf,1553c2f74659f718c8ed0a5c943bed9e29495fb4de6e71794474e9bf03453458,big_game_annual_report,92,"Limited-entry antlerless elk harvest, Utah 2021.",EA1223,Antlerless Elk,22,"Beaver, East",28|2|30|101|91|4.3|32.8,"[28, 2, 30, 101, 91, 4.3, 32.8]","22 EA1223 Beaver, East 28 2 30 101 91 4.3 32.8",30.0,101,91.0,4.3,32.8,28.0,28.0,2.0,MEDIUM,,True,True,True,HUNT_CODE_ROW_EXTRACTED|REQUIRES_SPOT_CHECK_FOR_COMPLEX_PDF_TABLES
2021,2022,21_bg_report.pdf,1553c2f74659f718c8ed0a5c943bed9e29495fb4de6e71794474e9bf03453458,big_game_annual_report,92,"Limited-entry antlerless elk harvest, Utah 2021.",EA1190,Antlerless Elk,22,"Beaver, North",52|7|59|128|118|5.5|50.0,"[52, 7, 59, 128, 118, 5.5, 50.0]","22 EA1190 Beaver, North 52 7 59 128 118 5.5 50.0",59.0,128,118.0,5.5,50.0,52.0,52.0,7.0,MEDIUM,,True,True,True,HUNT_CODE_ROW_EXTRACTED|REQUIRES_SPOT_CHECK_FOR_COMPLEX_PDF_TABLES
2021,2022,21_bg_report.pdf,1553c2f74659f718c8ed0a5c943bed9e29495fb4de6e71794474e9bf03453458,big_game_annual_report,92,"Limited-entry antlerless elk harvest, Utah 2021.",EA1224,Antlerless Elk,10,"Book Cliffs, Bitter Creek/South",53|6|59|108|101|4.1|57.7,"[53, 6, 59, 108, 101, 4.1, 57.7]","10 EA1224 Book Cliffs, Bitter Creek/South 53 6 59 108 101 4.1 57.7",59.0,108,101.0,4.1,57.7,53.0,53.0,6.0,MEDIUM,,True,True,True,HUNT_CODE_ROW_EXTRACTED|REQUIRES_SPOT_CHECK_FOR_COMPLEX_PDF_TABLES
2021,2022,21_bg_report.pdf,1553c2f74659f718c8ed0a5c943bed9e29495fb4de6e71794474e9bf03453458,big_game_annual_report,92,"Limited-entry antlerless elk harvest, Utah 2021.",EA1225,Antlerless Elk,10,"Book Cliffs, Bitter Creek/South",47|1|48|135|124|4.0|38.9,"[47, 1, 48, 135, 124, 4.0, 38.9]","10 EA1225 Book Cliffs, Bitter Creek/South 47 1 48 135 124 4.0 38.9",48.0,135,124.0,4.0,38.9,47.0,47.0,1.0,MEDIUM,,True,True,True,HUNT_CODE_ROW_EXTRACTED|REQUIRES_SPOT_CHECK_FOR_COMPLEX_PDF_TABLES
2021,2022,21_bg_report.pdf,1553c2f74659f718c8ed0a5c943bed9e29495fb4de6e71794474e9bf03453458,big_game_annual_report,92,"Limited-entry antlerless elk harvest, Utah 2021.",EA1004,Antlerless Elk,10,"Book Cliffs, Little Creek Roadless",7|0|7|33|26|4.0|25.0,"[7, 0, 7, 33, 26, 4.0, 25.0]","10 EA1004 Book Cliffs, Little Creek Roadless 7 0 7 33 26 4.0 25.0",7.0,33,26.0,4.0,25.0,7.0,7.0,0.0,MEDIUM,,True,True,True,HUNT_CODE_ROW_EXTRACTED|REQUIRES_SPOT_CHECK_FOR_COMPLEX_PDF_TABLES
2021,2022,21_bg_report.pdf,1553c2f74659f718c8ed0a5c943bed9e29495fb4de6e71794474e9bf03453458,big_game_annual_report,92,"Limited-entry antlerless elk harvest, Utah 2021.",EA1007,Antlerless Elk,1,"Box Elder, Grouse Creek",2|1|3|5|5|6.2|60.0,"[2, 1, 3, 5, 5, 6.2, 60.0]","1 EA1007 Box Elder, Grouse Creek 2 1 3 5 5 6.2 60.0",3.0,5,5.0,6.2,60.0,2.0,2.0,1.0,MEDIUM,,True,True,True,HUNT_CODE_ROW_EXTRACTED|REQUIRES_SPOT_CHECK_FOR_COMPLEX_PDF_TABLES
2021,2022,21_bg_report.pdf,1553c2f74659f718c8ed0a5c943bed9e29495fb4de6e71794474e9bf03453458,big_game_annual_report,92,"Limited-entry antlerless elk harvest, Utah 2021.",EA1008,Antlerless Elk,1,"Box Elder, Grouse Creek",0|0|0|5|3|3.0|0.0,"[0, 0, 0, 5, 3, 3.0, 0.0]","1 EA1008 Box Elder, Grouse Creek 0 0 0 5 3 3.0 0.0",0.0,5,3.0,3.0,0.0,0.0,0.0,0.0,MEDIUM,,True,True,True,HUNT_CODE_ROW_EXTRACTED|REQUIRES_SPOT_CHECK_FOR_COMPLEX_PDF_TABLES
2021,2022,21_bg_report.pdf,1553c2f74659f718c8ed0a5c943bed9e29495fb4de6e71794474e9bf03453458,big_game_annual_report,92,"Limited-entry antlerless elk harvest, Utah 2021.",EA1203,Antlerless Elk,1,"Box Elder, Pilot Mtn",0|0|0|5|3|3.0|0.0,"[0, 0, 0, 5, 3, 3.0, 0.0]","1 EA1203 Box Elder, Pilot Mtn 0 0 0 5 3 3.0 0.0",0.0,5,3.0,3.0,0.0,0.0,0.0,0.0,MEDIUM,,True,True,True,HUNT_CODE_ROW_EXTRACTED|REQUIRES_SPOT_CHECK_FOR_COMPLEX_PDF_TABLES
2021,2022,21_bg_report.pdf,1553c2f74659f718c8ed0a5c943bed9e29495fb4de6e71794474e9bf03453458,big_game_annual_report,92,"Limited-entry antlerless elk harvest, Utah 2021.",EA1204,Antlerless Elk,1,"Box Elder, Pilot Mtn",4|0|4|5|5|3.3|75.0,"[4, 0, 4, 5, 5, 3.3, 75.0]","1 EA1204 Box Elder, Pilot Mtn 4 0 4 5 5 3.3 75.0",4.0,5,5.0,3.3,75.0,4.0,4.0,0.0,MEDIUM,,True,True,True,HUNT_CODE_ROW_EXTRACTED|REQUIRES_SPOT_CHECK_FOR_COMPLEX_PDF_TABLES
2021,2022,21_bg_report.pdf,1553c2f74659f718c8ed0a5c943bed9e29495fb4de6e71794474e9bf03453458,big_game_annual_report,92,"Limited-entry antlerless elk harvest, Utah 2021.",EA1009,Antlerless Elk,2,"Cache, East",97|15|112|477|440|5.1|25.4,"[97, 15, 112, 477, 440, 5.1, 25.4]","2 EA1009 Cache, East 97 15 112 477 440 5.1 25.4",112.0,477,440.0,5.1,25.4,97.0,97.0,15.0,MEDIUM,,True,True,True,HUNT_CODE_ROW_EXTRACTED|REQUIRES_SPOT_CHECK_FOR_COMPLEX_PDF_TABLES
2021,2022,21_bg_report.pdf,1553c2f74659f718c8ed0a5c943bed9e29495fb4de6e71794474e9bf03453458,big_game_annual_report,92,"Limited-entry antlerless elk harvest, Utah 2021.",EA1010,Antlerless Elk,2,"Cache, Rich",14|0|14|70|65|6.9|22.0,"[14, 0, 14, 70, 65, 6.9, 22.0]","2 EA1010 Cache, Rich 14 0 14 70 65 6.9 22.0",14.0,70,65.0,6.9,22.0,14.0,14.0,0.0,MEDIUM,,True,True,True,HUNT_CODE_ROW_EXTRACTED|REQUIRES_SPOT_CHECK_FOR_COMPLEX_PDF_TABLES
2021,2022,21_bg_report.pdf,1553c2f74659f718c8ed0a5c943bed9e29495fb4de6e71794474e9bf03453458,big_game_annual_report,92,"Limited-entry antlerless elk harvest, Utah 2021.",EA1193,Antlerless Elk,2,"Cache, Rich",27|3|30|71|65|7.4|46.3,"[27, 3, 30, 71, 65, 7.4, 46.3]","2 EA1193 Cache, Rich 27 3 30 71 65 7.4 46.3",30.0,71,65.0,7.4,46.3,27.0,27.0,3.0,MEDIUM,,True,True,True,HUNT_CODE_ROW_EXTRACTED|REQUIRES_SPOT_CHECK_FOR_COMPLEX_PDF_TABLES
2021,2022,21_bg_report.pdf,1553c2f74659f718c8ed0a5c943bed9e29495fb4de6e71794474e9bf03453458,big_game_annual_report,92,"Limited-entry antlerless elk harvest, Utah 2021.",EA1011,Antlerless Elk,2,"Cache, Richards Hollow",9|0|9|44|37|4.3|25.0,"[9, 0, 9, 44, 37, 4.3, 25.0]","2 EA1011 Cache, Richards Hollow 9 0 9 44 37 4.3 25.0",9.0,44,37.0,4.3,25.0,9.0,9.0,0.0,MEDIUM,,True,True,True,HUNT_CODE_ROW_EXTRACTED|REQUIRES_SPOT_CHECK_FOR_COMPLEX_PDF_TABLES
2021,2022,21_bg_report.pdf,1553c2f74659f718c8ed0a5c943bed9e29495fb4de6e71794474e9bf03453458,big_game_annual_report,92,"Limited-entry antlerless elk harvest, Utah 2021.",EA1012,Antlerless Elk,2,"Cache, Richmond Hyde Park",2|0|2|14|12|7.2|20.0,"[2, 0, 2, 14, 12, 7.2, 20.0]","2 EA1012 Cache, Richmond Hyde Park 2 0 2 14 12 7.2 20.0",2.0,14,12.0,7.2,20.0,2.0,2.0,0.0,MEDIUM,,True,True,True,HUNT_CODE_ROW_EXTRACTED|REQUIRES_SPOT_CHECK_FOR_COMPLEX_PDF_TABLES
2021,2022,21_bg_report.pdf,1553c2f74659f718c8ed0a5c943bed9e29495fb4de6e71794474e9bf03453458,big_game_annual_report,92,"Limited-entry antlerless elk harvest, Utah 2021.",EA1194,Antlerless Elk,2,"Cache, Richmond Hyde Park",0|2|2|14|12|5.3|12.5,"[0, 2, 2, 14, 12, 5.3, 12.5]","2 EA1194 Cache, Richmond Hyde Park 0 2 2 14 12 5.3 12.5",2.0,14,12.0,5.3,12.5,0.0,0.0,2.0,MEDIUM,,True,True,True,HUNT_CODE_ROW_EXTRACTED|REQUIRES_SPOT_CHECK_FOR_COMPLEX_PDF_TABLES
2021,2022,21_bg_report.pdf,1553c2f74659f718c8ed0a5c943bed9e29495fb4de6e71794474e9bf03453458,big_game_annual_report,92,"Limited-entry antlerless elk harvest, Utah 2021.",EA1205,Antlerless Elk,2,"Cache, Richmond Hyde Park",2|3|5|15|12|5.1|42.9,"[2, 3, 5, 15, 12, 5.1, 42.9]","2 EA1205 Cache, Richmond Hyde Park 2 3 5 15 12 5.1 42.9",5.0,15,12.0,5.1,42.9,2.0,2.0,3.0,MEDIUM,,True,True,True,HUNT_CODE_ROW_EXTRACTED|REQUIRES_SPOT_CHECK_FOR_COMPLEX_PDF_TABLES
2021,2022,21_bg_report.pdf,1553c2f74659f718c8ed0a5c943bed9e29495fb4de6e71794474e9bf03453458,big_game_annual_report,92,"Limited-entry antlerless elk harvest, Utah 2021.",EA1206,Antlerless Elk,2,"Cache, Richmond Hyde Park",8|0|8|14|14|7.1|60.0,"[8, 0, 8, 14, 14, 7.1, 60.0]","2 EA1206 Cache, Richmond Hyde Park 8 0 8 14 14 7.1 60.0",8.0,14,14.0,7.1,60.0,8.0,8.0,0.0,MEDIUM,,True,True,True,HUNT_CODE_ROW_EXTRACTED|REQUIRES_SPOT_CHECK_FOR_COMPLEX_PDF_TABLES
2021,2022,21_bg_report.pdf,1553c2f74659f718c8ed0a5c943bed9e29495fb4de6e71794474e9bf03453458,big_game_annual_report,92,"Limited-entry antlerless elk harvest, Utah 2021.",EA1013,Antlerless Elk,16B,"Central Mtns, Central Manti",1|0|1|11|11|4.9|11.1,"[1, 0, 1, 11, 11, 4.9, 11.1]","16B EA1013 Central Mtns, Central Manti 1 0 1 11 11 4.9 11.1",1.0,11,11.0,4.9,11.1,1.0,1.0,0.0,MEDIUM,,True,True,True,HUNT_CODE_ROW_EXTRACTED|REQUIRES_SPOT_CHECK_FOR_COMPLEX_PDF_TABLES
2021,2022,21_bg_report.pdf,1553c2f74659f718c8ed0a5c943bed9e29495fb4de6e71794474e9bf03453458,big_game_annual_report,92,"Limited-entry antlerless elk harvest, Utah 2021.",EA1015,Antlerless Elk,16B,"Central Mtns, Ferron Canyon",6|0|6|10|10|4.3|57.1,"[6, 0, 6, 10, 10, 4.3, 57.1]","16B EA1015 Central Mtns, Ferron Canyon 6 0 6 10 10 4.3 57.1",6.0,10,10.0,4.3,57.1,6.0,6.0,0.0,MEDIUM,,True,True,True,HUNT_CODE_ROW_EXTRACTED|REQUIRES_SPOT_CHECK_FOR_COMPLEX_PDF_TABLES
2021,2022,21_bg_report.pdf,1553c2f74659f718c8ed0a5c943bed9e29495fb4de6e71794474e9bf03453458,big_game_annual_report,92,"Limited-entry antlerless elk harvest, Utah 2021.",EA1017,Antlerless Elk,16B,"Central Mtns, Gordon Creek-Price Canyon",3|0|3|9|8|5.6|37.5,"[3, 0, 3, 9, 8, 5.6, 37.5]","16B EA1017 Central Mtns, Gordon Creek-Price Canyon 3 0 3 9 8 5.6 37.5",3.0,9,8.0,5.6,37.5,3.0,3.0,0.0,MEDIUM,,True,True,True,HUNT_CODE_ROW_EXTRACTED|REQUIRES_SPOT_CHECK_FOR_COMPLEX_PDF_TABLES
2021,2022,21_bg_report.pdf,1553c2f74659f718c8ed0a5c943bed9e29495fb4de6e71794474e9bf03453458,big_game_annual_report,92,"Limited-entry antlerless elk harvest, Utah 2021.",EA1018,Antlerless Elk,16B,"Central Mtns, Horn Mtn",1|0|1|5|5|5.0|25.0,"[1, 0, 1, 5, 5, 5.0, 25.0]","16B EA1018 Central Mtns, Horn Mtn 1 0 1 5 5 5.0 25.0",1.0,5,5.0,5.0,25.0,1.0,1.0,0.0,MEDIUM,,True,True,True,HUNT_CODE_ROW_EXTRACTED|REQUIRES_SPOT_CHECK_FOR_COMPLEX_PDF_TABLES
2021,2022,21_bg_report.pdf,1553c2f74659f718c8ed0a5c943bed9e29495fb4de6e71794474e9bf03453458,big_game_annual_report,92,"Limited-entry antlerless elk harvest, Utah 2021.",EA1220,Antlerless Elk,16B,"Central Mtns, Manti",2|0|2|2|2|3.0|100.0,"[2, 0, 2, 2, 2, 3.0, 100.0]","16B EA1220 Central Mtns, Manti 2 0 2 2 2 3.0 100.0",2.0,2,2.0,3.0,100.0,2.0,2.0,0.0,MEDIUM,,True,True,True,HUNT_CODE_ROW_EXTRACTED|REQUIRES_SPOT_CHECK_FOR_COMPLEX_PDF_TABLES
2021,2022,21_bg_report.pdf,1553c2f74659f718c8ed0a5c943bed9e29495fb4de6e71794474e9bf03453458,big_game_annual_report,92,"Limited-entry antlerless elk harvest, Utah 2021.",EA1020,Antlerless Elk,16B,"Central Mtns, Mohrland-Stump Flat",9|1|10|14|14|5.8|72.7,"[9, 1, 10, 14, 14, 5.8, 72.7]","16B EA1020 Central Mtns, Mohrland-Stump Flat 9 1 10 14 14 5.8 72.7",10.0,14,14.0,5.8,72.7,9.0,9.0,1.0,MEDIUM,,True,True,True,HUNT_CODE_ROW_EXTRACTED|REQUIRES_SPOT_CHECK_FOR_COMPLEX_PDF_TABLES
2021,2022,21_bg_report.pdf,1553c2f74659f718c8ed0a5c943bed9e29495fb4de6e71794474e9bf03453458,big_game_annual_report,92,"Limited-entry antlerless elk harvest, Utah 2021.",EA1207,Antlerless Elk,16A,"Central Mtns, Moroni Hills",9|0|9|50|43|6.0|20.0,"[9, 0, 9, 50, 43, 6.0, 20.0]","16A EA1207 Central Mtns, Moroni Hills 9 0 9 50 43 6.0 20.0",9.0,50,43.0,6.0,20.0,9.0,9.0,0.0,MEDIUM,,True,True,True,HUNT_CODE_ROW_EXTRACTED|REQUIRES_SPOT_CHECK_FOR_COMPLEX_PDF_TABLES
2021,2022,21_bg_report.pdf,1553c2f74659f718c8ed0a5c943bed9e29495fb4de6e71794474e9bf03453458,big_game_annual_report,92,"Limited-entry antlerless elk harvest, Utah 2021.",EA1226,Antlerless Elk,16A,"Central Mtns, Moroni Hills",3|1|4|30|24|7.6|17.6,"[3, 1, 4, 30, 24, 7.6, 17.6]","16A EA1226 Central Mtns, Moroni Hills 3 1 4 30 24 7.6 17.6",4.0,30,24.0,7.6,17.6,3.0,3.0,1.0,MEDIUM,,True,True,True,HUNT_CODE_ROW_EXTRACTED|REQUIRES_SPOT_CHECK_FOR_COMPLEX_PDF_TABLES
2021,2022,21_bg_report.pdf,1553c2f74659f718c8ed0a5c943bed9e29495fb4de6e71794474e9bf03453458,big_game_annual_report,92,"Limited-entry antlerless elk harvest, Utah 2021.",EA1021,Antlerless Elk,16A,"Central Mtns, Nebo",32|0|32|78|70|5.3|45.2,"[32, 0, 32, 78, 70, 5.3, 45.2]","16A EA1021 Central Mtns, Nebo 32 0 32 78 70 5.3 45.2",32.0,78,70.0,5.3,45.2,32.0,32.0,0.0,MEDIUM,,True,True,True,HUNT_CODE_ROW_EXTRACTED|REQUIRES_SPOT_CHECK_FOR_COMPLEX_PDF_TABLES
2021,2022,21_bg_report.pdf,1553c2f74659f718c8ed0a5c943bed9e29495fb4de6e71794474e9bf03453458,big_game_annual_report,92,"Limited-entry antlerless elk harvest, Utah 2021.",EA1208,Antlerless Elk,16A,"Central Mtns, Nebo",46|6|52|79|71|5.0|73.6,"[46, 6, 52, 79, 71, 5.0, 73.6]","16A EA1208 Central Mtns, Nebo 46 6 52 79 71 5.0 73.6",52.0,79,71.0,5.0,73.6,46.0,46.0,6.0,MEDIUM,,True,True,True,HUNT_CODE_ROW_EXTRACTED|REQUIRES_SPOT_CHECK_FOR_COMPLEX_PDF_TABLES
2021,2022,21_bg_report.pdf,1553c2f74659f718c8ed0a5c943bed9e29495fb4de6e71794474e9bf03453458,big_game_annual_report,92,"Limited-entry antlerless elk harvest, Utah 2021.",EA1232,Antlerless Elk,16A,"Central Mtns, Nebo",0|0|0|1|1|90.0|0.0,"[0, 0, 0, 1, 1, 90.0, 0.0]","16A EA1232 Central Mtns, Nebo 0 0 0 1 1 90.0 0.0",0.0,1,1.0,90.0,0.0,0.0,0.0,0.0,MEDIUM,,True,True,True,HUNT_CODE_ROW_EXTRACTED|REQUIRES_SPOT_CHECK_FOR_COMPLEX_PDF_TABLES
2021,2022,21_bg_report.pdf,1553c2f74659f718c8ed0a5c943bed9e29495fb4de6e71794474e9bf03453458,big_game_annual_report,92,"Limited-entry antlerless elk harvest, Utah 2021.",EA1022,Antlerless Elk,16B,"Central Mtns, North Manti",37|5|42|157|143|4.5|29.3,"[37, 5, 42, 157, 143, 4.5, 29.3]","16B EA1022 Central Mtns, North Manti 37 5 42 157 143 4.5 29.3",42.0,157,143.0,4.5,29.3,37.0,37.0,5.0,MEDIUM,,True,True,True,HUNT_CODE_ROW_EXTRACTED|REQUIRES_SPOT_CHECK_FOR_COMPLEX_PDF_TABLES
2021,2022,21_bg_report.pdf,1553c2f74659f718c8ed0a5c943bed9e29495fb4de6e71794474e9bf03453458,big_game_annual_report,92,"Limited-entry antlerless elk harvest, Utah 2021.",EA1023,Antlerless Elk,16B,"Central Mtns, South Manti",12|2|14|42|40|4.0|34.6,"[12, 2, 14, 42, 40, 4.0, 34.6]","16B EA1023 Central Mtns, South Manti 12 2 14 42 40 4.0 34.6",14.0,42,40.0,4.0,34.6,12.0,12.0,2.0,MEDIUM,,True,True,True,HUNT_CODE_ROW_EXTRACTED|REQUIRES_SPOT_CHECK_FOR_COMPLEX_PDF_TABLES
2021,2022,21_bg_report.pdf,1553c2f74659f718c8ed0a5c943bed9e29495fb4de6e71794474e9bf03453458,big_game_annual_report,92,"Limited-entry antlerless elk harvest, Utah 2021.",EA1024,Antlerless Elk,16B,"Central Mtns, South Manti",11|0|11|11|11|8.6|100.0,"[11, 0, 11, 11, 11, 8.6, 100.0]","16B EA1024 Central Mtns, South Manti 11 0 11 11 11 8.6 100.0",11.0,11,11.0,8.6,100.0,11.0,11.0,0.0,MEDIUM,,True,True,True,HUNT_CODE_ROW_EXTRACTED|REQUIRES_SPOT_CHECK_FOR_COMPLEX_PDF_TABLES
2021,2022,21_bg_report.pdf,1553c2f74659f718c8ed0a5c943bed9e29495fb4de6e71794474e9bf03453458,big_game_annual_report,92,"Limited-entry antlerless elk harvest, Utah 2021.",EA1025,Antlerless Elk,16B,"Central Mtns, West Manti",31|8|39|74|68|7.0|56.8,"[31, 8, 39, 74, 68, 7.0, 56.8]","16B EA1025 Central Mtns, West Manti 31 8 39 74 68 7.0 56.8",39.0,74,68.0,7.0,56.8,31.0,31.0,8.0,MEDIUM,,True,True,True,HUNT_CODE_ROW_EXTRACTED|REQUIRES_SPOT_CHECK_FOR_COMPLEX_PDF_TABLES
2021,2022,21_bg_report.pdf,1553c2f74659f718c8ed0a5c943bed9e29495fb4de6e71794474e9bf03453458,big_game_annual_report,92,"Limited-entry antlerless elk harvest, Utah 2021.",EA1026,Antlerless Elk,6,Chalk Creek,82|13|95|344|262|6.4|36.2,"[82, 13, 95, 344, 262, 6.4, 36.2]",6 EA1026 Chalk Creek 82 13 95 344 262 6.4 36.2,95.0,344,262.0,6.4,36.2,82.0,82.0,13.0,MEDIUM,,True,True,True,HUNT_CODE_ROW_EXTRACTED|REQUIRES_SPOT_CHECK_FOR_COMPLEX_PDF_TABLES
2021,2022,21_bg_report.pdf,1553c2f74659f718c8ed0a5c943bed9e29495fb4de6e71794474e9bf03453458,big_game_annual_report,92,"Limited-entry antlerless elk harvest, Utah 2021.",EA1236,Antlerless Elk,5,East Canyon,114|14|128|357|303|7.5|42.2,"[114, 14, 128, 357, 303, 7.5, 42.2]",5 EA1236 East Canyon 114 14 128 357 303 7.5 42.2,128.0,357,303.0,7.5,42.2,114.0,114.0,14.0,MEDIUM,,True,True,True,HUNT_CODE_ROW_EXTRACTED|REQUIRES_SPOT_CHECK_FOR_COMPLEX_PDF_TABLES
2021,2022,21_bg_report.pdf,1553c2f74659f718c8ed0a5c943bed9e29495fb4de6e71794474e9bf03453458,big_game_annual_report,92,"Limited-entry antlerless elk harvest, Utah 2021.",EA1227,Antlerless Elk,21B,"Fillmore, Kanosh Valley",4|0|4|10|8|5.8|50.0,"[4, 0, 4, 10, 8, 5.8, 50.0]","21B EA1227 Fillmore, Kanosh Valley 4 0 4 10 8 5.8 50.0",4.0,10,8.0,5.8,50.0,4.0,4.0,0.0,MEDIUM,,True,True,True,HUNT_CODE_ROW_EXTRACTED|REQUIRES_SPOT_CHECK_FOR_COMPLEX_PDF_TABLES
2021,2022,21_bg_report.pdf,1553c2f74659f718c8ed0a5c943bed9e29495fb4de6e71794474e9bf03453458,big_game_annual_report,92,"Limited-entry antlerless elk harvest, Utah 2021.",EA1209,Antlerless Elk,21A,"Fillmore, Oak Creek LE",14|3|17|49|35|7.0|50.0,"[14, 3, 17, 49, 35, 7.0, 50.0]","21A EA1209 Fillmore, Oak Creek LE 14 3 17 49 35 7.0 50.0",17.0,49,35.0,7.0,50.0,14.0,14.0,3.0,MEDIUM,,True,True,True,HUNT_CODE_ROW_EXTRACTED|REQUIRES_SPOT_CHECK_FOR_COMPLEX_PDF_TABLES
2021,2022,21_bg_report.pdf,1553c2f74659f718c8ed0a5c943bed9e29495fb4de6e71794474e9bf03453458,big_game_annual_report,92,"Limited-entry antlerless elk harvest, Utah 2021.",EA1030,Antlerless Elk,21B,"Fillmore, Pahvant",18|2|20|38|34|4.1|57.9,"[18, 2, 20, 38, 34, 4.1, 57.9]","21B EA1030 Fillmore, Pahvant 18 2 20 38 34 4.1 57.9",20.0,38,34.0,4.1,57.9,18.0,18.0,2.0,MEDIUM,,True,True,True,HUNT_CODE_ROW_EXTRACTED|REQUIRES_SPOT_CHECK_FOR_COMPLEX_PDF_TABLES
2021,2022,21_bg_report.pdf,1553c2f74659f718c8ed0a5c943bed9e29495fb4de6e71794474e9bf03453458,big_game_annual_report,92,"Limited-entry antlerless elk harvest, Utah 2021.",EA1031,Antlerless Elk,21B,"Fillmore, Pahvant",20|0|20|35|33|6.3|59.1,"[20, 0, 20, 35, 33, 6.3, 59.1]","21B EA1031 Fillmore, Pahvant 20 0 20 35 33 6.3 59.1",20.0,35,33.0,6.3,59.1,20.0,20.0,0.0,MEDIUM,,True,True,True,HUNT_CODE_ROW_EXTRACTED|REQUIRES_SPOT_CHECK_FOR_COMPLEX_PDF_TABLES
2021,2022,21_bg_report.pdf,1553c2f74659f718c8ed0a5c943bed9e29495fb4de6e71794474e9bf03453458,big_game_annual_report,92,"Limited-entry antlerless elk harvest, Utah 2021.",EA1033,Antlerless Elk,7,Kamas,26|5|31|99|90|9.2|34.6,"[26, 5, 31, 99, 90, 9.2, 34.6]",7 EA1033 Kamas 26 5 31 99 90 9.2 34.6,31.0,99,90.0,9.2,34.6,26.0,26.0,5.0,MEDIUM,,True,True,True,HUNT_CODE_ROW_EXTRACTED|REQUIRES_SPOT_CHECK_FOR_COMPLEX_PDF_TABLES
2021,2022,21_bg_report.pdf,1553c2f74659f718c8ed0a5c943bed9e29495fb4de6e71794474e9bf03453458,big_game_annual_report,92,"Limited-entry antlerless elk harvest, Utah 2021.",EA1034,Antlerless Elk,7,"Kamas, Francis",7|0|7|25|18|4.1|38.5,"[7, 0, 7, 25, 18, 4.1, 38.5]","7 EA1034 Kamas, Francis 7 0 7 25 18 4.1 38.5",7.0,25,18.0,4.1,38.5,7.0,7.0,0.0,MEDIUM,,True,True,True,HUNT_CODE_ROW_EXTRACTED|REQUIRES_SPOT_CHECK_FOR_COMPLEX_PDF_TABLES
2021,2022,21_bg_report.pdf,1553c2f74659f718c8ed0a5c943bed9e29495fb4de6e71794474e9bf03453458,big_game_annual_report,92,"Limited-entry antlerless elk harvest, Utah 2021.",EA1035,Antlerless Elk,7,"Kamas, Oakley",18|2|20|100|85|6.7|23.1,"[18, 2, 20, 100, 85, 6.7, 23.1]","7 EA1035 Kamas, Oakley 18 2 20 100 85 6.7 23.1",20.0,100,85.0,6.7,23.1,18.0,18.0,2.0,MEDIUM,,True,True,True,HUNT_CODE_ROW_EXTRACTED|REQUIRES_SPOT_CHECK_FOR_COMPLEX_PDF_TABLES
2021,2022,21_bg_report.pdf,1553c2f74659f718c8ed0a5c943bed9e29495fb4de6e71794474e9bf03453458,big_game_annual_report,93,"Limited-entry antlerless elk harvest, Utah 2021 (continued).",EA1037,Antlerless Elk,13B,"La Sal, Dolores Triangle",1|0|1|7|3|3.0|50.0,"[1, 0, 1, 7, 3, 3.0, 50.0]","13B EA1037 La Sal, Dolores Triangle 1 0 1 7 3 3.0 50.0",1.0,7,3.0,3.0,50.0,1.0,1.0,0.0,MEDIUM,,True,True,True,HUNT_CODE_ROW_EXTRACTED|REQUIRES_SPOT_CHECK_FOR_COMPLEX_PDF_TABLES
2021,2022,21_bg_report.pdf,1553c2f74659f718c8ed0a5c943bed9e29495fb4de6e71794474e9bf03453458,big_game_annual_report,93,"Limited-entry antlerless elk harvest, Utah 2021 (continued).",EA1038,Antlerless Elk,13A,"La Sal, La Sal Mtns",72|5|77|267|227|5.2|34.1,"[72, 5, 77, 267, 227, 5.2, 34.1]","13A EA1038 La Sal, La Sal Mtns 72 5 77 267 227 5.2 34.1",77.0,267,227.0,5.2,34.1,72.0,72.0,5.0,MEDIUM,,True,True,True,HUNT_CODE_ROW_EXTRACTED|REQUIRES_SPOT_CHECK_FOR_COMPLEX_PDF_TABLES
2021,2022,21_bg_report.pdf,1553c2f74659f718c8ed0a5c943bed9e29495fb4de6e71794474e9bf03453458,big_game_annual_report,93,"Limited-entry antlerless elk harvest, Utah 2021 (continued).",EA1039,Antlerless Elk,13A,"La Sal, La Sal Mtns",86|3|89|247|212|7.6|42.1,"[86, 3, 89, 247, 212, 7.6, 42.1]","13A EA1039 La Sal, La Sal Mtns 86 3 89 247 212 7.6 42.1",89.0,247,212.0,7.6,42.1,86.0,86.0,3.0,MEDIUM,,True,True,True,HUNT_CODE_ROW_EXTRACTED|REQUIRES_SPOT_CHECK_FOR_COMPLEX_PDF_TABLES
2021,2022,21_bg_report.pdf,1553c2f74659f718c8ed0a5c943bed9e29495fb4de6e71794474e9bf03453458,big_game_annual_report,93,"Limited-entry antlerless elk harvest, Utah 2021 (continued).",EA1237,Antlerless Elk,13A,"La Sal, La Sal Mtns, North",11|1|12|98|80|6.3|15.6,"[11, 1, 12, 98, 80, 6.3, 15.6]","13A EA1237 La Sal, La Sal Mtns, North 11 1 12 98 80 6.3 15.6",12.0,98,80.0,6.3,15.6,11.0,11.0,1.0,MEDIUM,,True,True,True,HUNT_CODE_ROW_EXTRACTED|REQUIRES_SPOT_CHECK_FOR_COMPLEX_PDF_TABLES
2021,2022,21_bg_report.pdf,1553c2f74659f718c8ed0a5c943bed9e29495fb4de6e71794474e9bf03453458,big_game_annual_report,93,"Limited-entry antlerless elk harvest, Utah 2021 (continued).",EA1040,Antlerless Elk,23,"Monroe, Koosharem Valley",2|0|2|9|9|5.5|25.0,"[2, 0, 2, 9, 9, 5.5, 25.0]","23 EA1040 Monroe, Koosharem Valley 2 0 2 9 9 5.5 25.0",2.0,9,9.0,5.5,25.0,2.0,2.0,0.0,MEDIUM,,True,True,True,HUNT_CODE_ROW_EXTRACTED|REQUIRES_SPOT_CHECK_FOR_COMPLEX_PDF_TABLES
2021,2022,21_bg_report.pdf,1553c2f74659f718c8ed0a5c943bed9e29495fb4de6e71794474e9bf03453458,big_game_annual_report,93,"Limited-entry antlerless elk harvest, Utah 2021 (continued).",EA1238,Antlerless Elk,23,"Monroe, Rock Springs",6|0|6|19|19|5.7|30.0,"[6, 0, 6, 19, 19, 5.7, 30.0]","23 EA1238 Monroe, Rock Springs 6 0 6 19 19 5.7 30.0",6.0,19,19.0,5.7,30.0,6.0,6.0,0.0,MEDIUM,,True,True,True,HUNT_CODE_ROW_EXTRACTED|REQUIRES_SPOT_CHECK_FOR_COMPLEX_PDF_TABLES
2021,2022,21_bg_report.pdf,1553c2f74659f718c8ed0a5c943bed9e29495fb4de6e71794474e9bf03453458,big_game_annual_report,93,"Limited-entry antlerless elk harvest, Utah 2021 (continued).",EA1228,Antlerless Elk,4,Morgan-South Rich,14|2|16|100|82|4.2|19.5,"[14, 2, 16, 100, 82, 4.2, 19.5]",4 EA1228 Morgan-South Rich 14 2 16 100 82 4.2 19.5,16.0,100,82.0,4.2,19.5,14.0,14.0,2.0,MEDIUM,,True,True,True,HUNT_CODE_ROW_EXTRACTED|REQUIRES_SPOT_CHECK_FOR_COMPLEX_PDF_TABLES
2021,2022,21_bg_report.pdf,1553c2f74659f718c8ed0a5c943bed9e29495fb4de6e71794474e9bf03453458,big_game_annual_report,93,"Limited-entry antlerless elk harvest, Utah 2021 (continued).",EA1229,Antlerless Elk,4,Morgan-South Rich,48|6|54|99|86|3.1|63.5,"[48, 6, 54, 99, 86, 3.1, 63.5]",4 EA1229 Morgan-South Rich 48 6 54 99 86 3.1 63.5,54.0,99,86.0,3.1,63.5,48.0,48.0,6.0,MEDIUM,,True,True,True,HUNT_CODE_ROW_EXTRACTED|REQUIRES_SPOT_CHECK_FOR_COMPLEX_PDF_TABLES
2021,2022,21_bg_report.pdf,1553c2f74659f718c8ed0a5c943bed9e29495fb4de6e71794474e9bf03453458,big_game_annual_report,93,"Limited-entry antlerless elk harvest, Utah 2021 (continued).",EA1044,Antlerless Elk,4,"Morgan-South Rich, South Rich",12|0|12|48|36|4.7|35.0,"[12, 0, 12, 48, 36, 4.7, 35.0]","4 EA1044 Morgan-South Rich, South Rich 12 0 12 48 36 4.7 35.0",12.0,48,36.0,4.7,35.0,12.0,12.0,0.0,MEDIUM,,True,True,True,HUNT_CODE_ROW_EXTRACTED|REQUIRES_SPOT_CHECK_FOR_COMPLEX_PDF_TABLES
2021,2022,21_bg_report.pdf,1553c2f74659f718c8ed0a5c943bed9e29495fb4de6e71794474e9bf03453458,big_game_annual_report,93,"Limited-entry antlerless elk harvest, Utah 2021 (continued).",EA1049,Antlerless Elk,24,"Mt Dutton, Deep Creek",6|0|6|24|24|3.9|25.0,"[6, 0, 6, 24, 24, 3.9, 25.0]","24 EA1049 Mt Dutton, Deep Creek 6 0 6 24 24 3.9 25.0",6.0,24,24.0,3.9,25.0,6.0,6.0,0.0,MEDIUM,,True,True,True,HUNT_CODE_ROW_EXTRACTED|REQUIRES_SPOT_CHECK_FOR_COMPLEX_PDF_TABLES
2021,2022,21_bg_report.pdf,1553c2f74659f718c8ed0a5c943bed9e29495fb4de6e71794474e9bf03453458,big_game_annual_report,93,"Limited-entry antlerless elk harvest, Utah 2021 (continued).",EA1186,Antlerless Elk,24/25,Mt Dutton/Plateau,18|4|22|28|27|2.9|81.0,"[18, 4, 22, 28, 27, 2.9, 81.0]",24/25 EA1186 Mt Dutton/Plateau 18 4 22 28 27 2.9 81.0,22.0,28,27.0,2.9,81.0,18.0,18.0,4.0,MEDIUM,,True,True,True,HUNT_CODE_ROW_EXTRACTED|REQUIRES_SPOT_CHECK_FOR_COMPLEX_PDF_TABLES
2021,2022,21_bg_report.pdf,1553c2f74659f718c8ed0a5c943bed9e29495fb4de6e71794474e9bf03453458,big_game_annual_report,93,"Limited-entry antlerless elk harvest, Utah 2021 (continued).",EA1052,Antlerless Elk,11A,"Nine Mile, Avintaquin-West Anthro",93|5|98|263|229|3.7|42.7,"[93, 5, 98, 263, 229, 3.7, 42.7]","11A EA1052 Nine Mile, Avintaquin-West Anthro 93 5 98 263 229 3.7 42.7",98.0,263,229.0,3.7,42.7,93.0,93.0,5.0,MEDIUM,,True,True,True,HUNT_CODE_ROW_EXTRACTED|REQUIRES_SPOT_CHECK_FOR_COMPLEX_PDF_TABLES
2021,2022,21_bg_report.pdf,1553c2f74659f718c8ed0a5c943bed9e29495fb4de6e71794474e9bf03453458,big_game_annual_report,93,"Limited-entry antlerless elk harvest, Utah 2021 (continued).",EA1239,Antlerless Elk,11B,"Nine Mile, Range Creek",4|0|4|40|25|6.2|14.3,"[4, 0, 4, 40, 25, 6.2, 14.3]","11B EA1239 Nine Mile, Range Creek 4 0 4 40 25 6.2 14.3",4.0,40,25.0,6.2,14.3,4.0,4.0,0.0,MEDIUM,,True,True,True,HUNT_CODE_ROW_EXTRACTED|REQUIRES_SPOT_CHECK_FOR_COMPLEX_PDF_TABLES
2021,2022,21_bg_report.pdf,1553c2f74659f718c8ed0a5c943bed9e29495fb4de6e71794474e9bf03453458,big_game_annual_report,93,"Limited-entry antlerless elk harvest, Utah 2021 (continued).",EA1240,Antlerless Elk,11B,"Nine Mile, Range Creek",27|3|30|44|42|5.1|72.0,"[27, 3, 30, 44, 42, 5.1, 72.0]","11B EA1240 Nine Mile, Range Creek 27 3 30 44 42 5.1 72.0",30.0,44,42.0,5.1,72.0,27.0,27.0,3.0,MEDIUM,,True,True,True,HUNT_CODE_ROW_EXTRACTED|REQUIRES_SPOT_CHECK_FOR_COMPLEX_PDF_TABLES
2021,2022,21_bg_report.pdf,1553c2f74659f718c8ed0a5c943bed9e29495fb4de6e71794474e9bf03453458,big_game_annual_report,93,"Limited-entry antlerless elk harvest, Utah 2021 (continued).",EA1054,Antlerless Elk,11A,"Nine Mile, West Anthro",57|3|60|270|232|4.5|25.9,"[57, 3, 60, 270, 232, 4.5, 25.9]","11A EA1054 Nine Mile, West Anthro 57 3 60 270 232 4.5 25.9",60.0,270,232.0,4.5,25.9,57.0,57.0,3.0,MEDIUM,,True,True,True,HUNT_CODE_ROW_EXTRACTED|REQUIRES_SPOT_CHECK_FOR_COMPLEX_PDF_TABLES
2021,2022,21_bg_report.pdf,1553c2f74659f718c8ed0a5c943bed9e29495fb4de6e71794474e9bf03453458,big_game_annual_report,93,"Limited-entry antlerless elk harvest, Utah 2021 (continued).",EA1055,Antlerless Elk,8AB,"North Slope, Greendale",0|0|0|5|3|4.5|0.0,"[0, 0, 0, 5, 3, 4.5, 0.0]","8AB EA1055 North Slope, Greendale 0 0 0 5 3 4.5 0.0",0.0,5,3.0,4.5,0.0,0.0,0.0,0.0,MEDIUM,,True,True,True,HUNT_CODE_ROW_EXTRACTED|REQUIRES_SPOT_CHECK_FOR_COMPLEX_PDF_TABLES
2021,2022,21_bg_report.pdf,1553c2f74659f718c8ed0a5c943bed9e29495fb4de6e71794474e9bf03453458,big_game_annual_report,93,"Limited-entry antlerless elk harvest, Utah 2021 (continued).",EA1056,Antlerless Elk,8AB,"North Slope, Greendale",1|0|1|5|5|4.6|20.0,"[1, 0, 1, 5, 5, 4.6, 20.0]","8AB EA1056 North Slope, Greendale 1 0 1 5 5 4.6 20.0",1.0,5,5.0,4.6,20.0,1.0,1.0,0.0,MEDIUM,,True,True,True,HUNT_CODE_ROW_EXTRACTED|REQUIRES_SPOT_CHECK_FOR_COMPLEX_PDF_TABLES
2021,2022,21_bg_report.pdf,1553c2f74659f718c8ed0a5c943bed9e29495fb4de6e71794474e9bf03453458,big_game_annual_report,93,"Limited-entry antlerless elk harvest, Utah 2021 (continued).",EA1058,Antlerless Elk,8AB,"North Slope, Henrys Fork-Burnt Fork",20|3|23|49|45|5.4|51.6,"[20, 3, 23, 49, 45, 5.4, 51.6]","8AB EA1058 North Slope, Henrys Fork-Burnt Fork 20 3 23 49 45 5.4 51.6",23.0,49,45.0,5.4,51.6,20.0,20.0,3.0,MEDIUM,,True,True,True,HUNT_CODE_ROW_EXTRACTED|REQUIRES_SPOT_CHECK_FOR_COMPLEX_PDF_TABLES
2021,2022,21_bg_report.pdf,1553c2f74659f718c8ed0a5c943bed9e29495fb4de6e71794474e9bf03453458,big_game_annual_report,93,"Limited-entry antlerless elk harvest, Utah 2021 (continued).",EA1196,Antlerless Elk,8AB,"North Slope, Summit",8|0|8|49|46|6.8|17.1,"[8, 0, 8, 49, 46, 6.8, 17.1]","8AB EA1196 North Slope, Summit 8 0 8 49 46 6.8 17.1",8.0,49,46.0,6.8,17.1,8.0,8.0,0.0,MEDIUM,,True,True,True,HUNT_CODE_ROW_EXTRACTED|REQUIRES_SPOT_CHECK_FOR_COMPLEX_PDF_TABLES
2021,2022,21_bg_report.pdf,1553c2f74659f718c8ed0a5c943bed9e29495fb4de6e71794474e9bf03453458,big_game_annual_report,93,"Limited-entry antlerless elk harvest, Utah 2021 (continued).",EA1060,Antlerless Elk,8AB,"North Slope, West Daggett",2|0|2|11|10|4.6|20.0,"[2, 0, 2, 11, 10, 4.6, 20.0]","8AB EA1060 North Slope, West Daggett 2 0 2 11 10 4.6 20.0",2.0,11,10.0,4.6,20.0,2.0,2.0,0.0,MEDIUM,,True,True,True,HUNT_CODE_ROW_EXTRACTED|REQUIRES_SPOT_CHECK_FOR_COMPLEX_PDF_TABLES
2021,2022,21_bg_report.pdf,1553c2f74659f718c8ed0a5c943bed9e29495fb4de6e71794474e9bf03453458,big_game_annual_report,93,"Limited-entry antlerless elk harvest, Utah 2021 (continued).",EA1061,Antlerless Elk,8AB,"North Slope, West Daggett",8|0|8|21|17|4.9|45.5,"[8, 0, 8, 21, 17, 4.9, 45.5]","8AB EA1061 North Slope, West Daggett 8 0 8 21 17 4.9 45.5",8.0,21,17.0,4.9,45.5,8.0,8.0,0.0,MEDIUM,,True,True,True,HUNT_CODE_ROW_EXTRACTED|REQUIRES_SPOT_CHECK_FOR_COMPLEX_PDF_TABLES
2021,2022,21_bg_report.pdf,1553c2f74659f718c8ed0a5c943bed9e29495fb4de6e71794474e9bf03453458,big_game_annual_report,93,"Limited-entry antlerless elk harvest, Utah 2021 (continued).",EA1063,Antlerless Elk,3,Ogden,7|0|7|18|18|4.8|37.5,"[7, 0, 7, 18, 18, 4.8, 37.5]",3 EA1063 Ogden 7 0 7 18 18 4.8 37.5,7.0,18,18.0,4.8,37.5,7.0,7.0,0.0,MEDIUM,,True,True,True,HUNT_CODE_ROW_EXTRACTED|REQUIRES_SPOT_CHECK_FOR_COMPLEX_PDF_TABLES
2021,2022,21_bg_report.pdf,1553c2f74659f718c8ed0a5c943bed9e29495fb4de6e71794474e9bf03453458,big_game_annual_report,93,"Limited-entry antlerless elk harvest, Utah 2021 (continued).",EA1064,Antlerless Elk,3,Ogden,6|0|6|20|15|3.8|40.0,"[6, 0, 6, 20, 15, 3.8, 40.0]",3 EA1064 Ogden 6 0 6 20 15 3.8 40.0,6.0,20,15.0,3.8,40.0,6.0,6.0,0.0,MEDIUM,,True,True,True,HUNT_CODE_ROW_EXTRACTED|REQUIRES_SPOT_CHECK_FOR_COMPLEX_PDF_TABLES
2021,2022,21_bg_report.pdf,1553c2f74659f718c8ed0a5c943bed9e29495fb4de6e71794474e9bf03453458,big_game_annual_report,93,"Limited-entry antlerless elk harvest, Utah 2021 (continued).",EA1066,Antlerless Elk,28,Panguitch Lake,13|1|14|79|76|4.0|18.8,"[13, 1, 14, 79, 76, 4.0, 18.8]",28 EA1066 Panguitch Lake 13 1 14 79 76 4.0 18.8,14.0,79,76.0,4.0,18.8,13.0,13.0,1.0,MEDIUM,,True,True,True,HUNT_CODE_ROW_EXTRACTED|REQUIRES_SPOT_CHECK_FOR_COMPLEX_PDF_TABLES
2021,2022,21_bg_report.pdf,1553c2f74659f718c8ed0a5c943bed9e29495fb4de6e71794474e9bf03453458,big_game_annual_report,93,"Limited-entry antlerless elk harvest, Utah 2021 (continued).",EA1067,Antlerless Elk,28,Panguitch Lake,19|2|21|79|74|4.0|27.9,"[19, 2, 21, 79, 74, 4.0, 27.9]",28 EA1067 Panguitch Lake 19 2 21 79 74 4.0 27.9,21.0,79,74.0,4.0,27.9,19.0,19.0,2.0,MEDIUM,,True,True,True,HUNT_CODE_ROW_EXTRACTED|REQUIRES_SPOT_CHECK_FOR_COMPLEX_PDF_TABLES
2021,2022,21_bg_report.pdf,1553c2f74659f718c8ed0a5c943bed9e29495fb4de6e71794474e9bf03453458,big_game_annual_report,93,"Limited-entry antlerless elk harvest, Utah 2021 (continued).",EA1068,Antlerless Elk,28,Panguitch Lake,25|2|27|99|82|3.6|32.7,"[25, 2, 27, 99, 82, 3.6, 32.7]",28 EA1068 Panguitch Lake 25 2 27 99 82 3.6 32.7,27.0,99,82.0,3.6,32.7,25.0,25.0,2.0,MEDIUM,,True,True,True,HUNT_CODE_ROW_EXTRACTED|REQUIRES_SPOT_CHECK_FOR_COMPLEX_PDF_TABLES
2021,2022,21_bg_report.pdf,1553c2f74659f718c8ed0a5c943bed9e29495fb4de6e71794474e9bf03453458,big_game_annual_report,93,"Limited-entry antlerless elk harvest, Utah 2021 (continued).",EA1069,Antlerless Elk,28,Panguitch Lake,12|3|15|75|66|3.8|23.3,"[12, 3, 15, 75, 66, 3.8, 23.3]",28 EA1069 Panguitch Lake 12 3 15 75 66 3.8 23.3,15.0,75,66.0,3.8,23.3,12.0,12.0,3.0,MEDIUM,,True,True,True,HUNT_CODE_ROW_EXTRACTED|REQUIRES_SPOT_CHECK_FOR_COMPLEX_PDF_TABLES
2021,2022,21_bg_report.pdf,1553c2f74659f718c8ed0a5c943bed9e29495fb4de6e71794474e9bf03453458,big_game_annual_report,93,"Limited-entry antlerless elk harvest, Utah 2021 (continued).",EA1241,Antlerless Elk,28,Panguitch Lake,6|2|8|74|72|4.8|11.1,"[6, 2, 8, 74, 72, 4.8, 11.1]",28 EA1241 Panguitch Lake 6 2 8 74 72 4.8 11.1,8.0,74,72.0,4.8,11.1,6.0,6.0,2.0,MEDIUM,,True,True,True,HUNT_CODE_ROW_EXTRACTED|REQUIRES_SPOT_CHECK_FOR_COMPLEX_PDF_TABLES
2021,2022,21_bg_report.pdf,1553c2f74659f718c8ed0a5c943bed9e29495fb4de6e71794474e9bf03453458,big_game_annual_report,93,"Limited-entry antlerless elk harvest, Utah 2021 (continued).",EA1073,Antlerless Elk,27,Paunsaugunt,4|0|4|49|42|4.5|8.7,"[4, 0, 4, 49, 42, 4.5, 8.7]",27 EA1073 Paunsaugunt 4 0 4 49 42 4.5 8.7,4.0,49,42.0,4.5,8.7,4.0,4.0,0.0,MEDIUM,,True,True,True,HUNT_CODE_ROW_EXTRACTED|REQUIRES_SPOT_CHECK_FOR_COMPLEX_PDF_TABLES
2021,2022,21_bg_report.pdf,1553c2f74659f718c8ed0a5c943bed9e29495fb4de6e71794474e9bf03453458,big_game_annual_report,93,"Limited-entry antlerless elk harvest, Utah 2021 (continued).",EA1187,Antlerless Elk,27,"Paunsaugunt, Hatch Bench",2|0|2|25|23|4.1|10.0,"[2, 0, 2, 25, 23, 4.1, 10.0]","27 EA1187 Paunsaugunt, Hatch Bench 2 0 2 25 23 4.1 10.0",2.0,25,23.0,4.1,10.0,2.0,2.0,0.0,MEDIUM,,True,True,True,HUNT_CODE_ROW_EXTRACTED|REQUIRES_SPOT_CHECK_FOR_COMPLEX_PDF_TABLES
2021,2022,21_bg_report.pdf,1553c2f74659f718c8ed0a5c943bed9e29495fb4de6e71794474e9bf03453458,big_game_annual_report,93,"Limited-entry antlerless elk harvest, Utah 2021 (continued).",EA1074,Antlerless Elk,30,Pine Valley,3|0|3|19|19|11.1|15.4,"[3, 0, 3, 19, 19, 11.1, 15.4]",30 EA1074 Pine Valley 3 0 3 19 19 11.1 15.4,3.0,19,19.0,11.1,15.4,3.0,3.0,0.0,MEDIUM,,True,True,True,HUNT_CODE_ROW_EXTRACTED|REQUIRES_SPOT_CHECK_FOR_COMPLEX_PDF_TABLES
2021,2022,21_bg_report.pdf,1553c2f74659f718c8ed0a5c943bed9e29495fb4de6e71794474e9bf03453458,big_game_annual_report,93,"Limited-entry antlerless elk harvest, Utah 2021 (continued).",EA1075,Antlerless Elk,25C/26,"Plateau, Boulder East",4|0|4|9|9|3.4|40.0,"[4, 0, 4, 9, 9, 3.4, 40.0]","25C/26 EA1075 Plateau, Boulder East 4 0 4 9 9 3.4 40.0",4.0,9,9.0,3.4,40.0,4.0,4.0,0.0,MEDIUM,,True,True,True,HUNT_CODE_ROW_EXTRACTED|REQUIRES_SPOT_CHECK_FOR_COMPLEX_PDF_TABLES
2021,2022,21_bg_report.pdf,1553c2f74659f718c8ed0a5c943bed9e29495fb4de6e71794474e9bf03453458,big_game_annual_report,93,"Limited-entry antlerless elk harvest, Utah 2021 (continued).",EA1076,Antlerless Elk,25C/26,"Plateau, Boulder West",1|0|1|10|9|5.3|14.3,"[1, 0, 1, 10, 9, 5.3, 14.3]","25C/26 EA1076 Plateau, Boulder West 1 0 1 10 9 5.3 14.3",1.0,10,9.0,5.3,14.3,1.0,1.0,0.0,MEDIUM,,True,True,True,HUNT_CODE_ROW_EXTRACTED|REQUIRES_SPOT_CHECK_FOR_COMPLEX_PDF_TABLES
2021,2022,21_bg_report.pdf,1553c2f74659f718c8ed0a5c943bed9e29495fb4de6e71794474e9bf03453458,big_game_annual_report,93,"Limited-entry antlerless elk harvest, Utah 2021 (continued).",EA1077,Antlerless Elk,25C/26,"Plateau, Boulder-Circle Cliffs",12|1|13|20|18|12.0|72.7,"[12, 1, 13, 20, 18, 12.0, 72.7]","25C/26 EA1077 Plateau, Boulder-Circle Cliffs 12 1 13 20 18 12.0 72.7",13.0,20,18.0,12.0,72.7,12.0,12.0,1.0,MEDIUM,,True,True,True,HUNT_CODE_ROW_EXTRACTED|REQUIRES_SPOT_CHECK_FOR_COMPLEX_PDF_TABLES
2021,2022,21_bg_report.pdf,1553c2f74659f718c8ed0a5c943bed9e29495fb4de6e71794474e9bf03453458,big_game_annual_report,93,"Limited-entry antlerless elk harvest, Utah 2021 (continued).",EA1078,Antlerless Elk,25AB,"Plateau, Fishlake/Thousand Lakes",70|8|78|263|248|5.2|31.6,"[70, 8, 78, 263, 248, 5.2, 31.6]","25AB EA1078 Plateau, Fishlake/Thousand Lakes 70 8 78 263 248 5.2 31.6",78.0,263,248.0,5.2,31.6,70.0,70.0,8.0,MEDIUM,,True,True,True,HUNT_CODE_ROW_EXTRACTED|REQUIRES_SPOT_CHECK_FOR_COMPLEX_PDF_TABLES
2021,2022,21_bg_report.pdf,1553c2f74659f718c8ed0a5c943bed9e29495fb4de6e71794474e9bf03453458,big_game_annual_report,93,"Limited-entry antlerless elk harvest, Utah 2021 (continued).",EA1079,Antlerless Elk,25AB,"Plateau, Fishlake/Thousand Lakes East",48|4|52|83|77|3.8|67.9,"[48, 4, 52, 83, 77, 3.8, 67.9]","25AB EA1079 Plateau, Fishlake/Thousand Lakes East 48 4 52 83 77 3.8 67.9",52.0,83,77.0,3.8,67.9,48.0,48.0,4.0,MEDIUM,,True,True,True,HUNT_CODE_ROW_EXTRACTED|REQUIRES_SPOT_CHECK_FOR_COMPLEX_PDF_TABLES
2021,2022,21_bg_report.pdf,1553c2f74659f718c8ed0a5c943bed9e29495fb4de6e71794474e9bf03453458,big_game_annual_report,93,"Limited-entry antlerless elk harvest, Utah 2021 (continued).",EA1080,Antlerless Elk,25AB,"Plateau, Fishlake/Thousand Lakes West",40|4|44|83|77|4.7|57.1,"[40, 4, 44, 83, 77, 4.7, 57.1]","25AB EA1080 Plateau, Fishlake/Thousand Lakes West 40 4 44 83 77 4.7 57.1",44.0,83,77.0,4.7,57.1,40.0,40.0,4.0,MEDIUM,,True,True,True,HUNT_CODE_ROW_EXTRACTED|REQUIRES_SPOT_CHECK_FOR_COMPLEX_PDF_TABLES
2021,2022,21_bg_report.pdf,1553c2f74659f718c8ed0a5c943bed9e29495fb4de6e71794474e9bf03453458,big_game_annual_report,93,"Limited-entry antlerless elk harvest, Utah 2021 (continued).",EA1081,Antlerless Elk,14,San Juan,35|4|39|129|116|4.5|34.0,"[35, 4, 39, 129, 116, 4.5, 34.0]",14 EA1081 San Juan 35 4 39 129 116 4.5 34.0,39.0,129,116.0,4.5,34.0,35.0,35.0,4.0,MEDIUM,,True,True,True,HUNT_CODE_ROW_EXTRACTED|REQUIRES_SPOT_CHECK_FOR_COMPLEX_PDF_TABLES
2021,2022,21_bg_report.pdf,1553c2f74659f718c8ed0a5c943bed9e29495fb4de6e71794474e9bf03453458,big_game_annual_report,93,"Limited-entry antlerless elk harvest, Utah 2021 (continued).",EA1082,Antlerless Elk,14,San Juan,76|2|78|138|129|5.5|60.0,"[76, 2, 78, 138, 129, 5.5, 60.0]",14 EA1082 San Juan 76 2 78 138 129 5.5 60.0,78.0,138,129.0,5.5,60.0,76.0,76.0,2.0,MEDIUM,,True,True,True,HUNT_CODE_ROW_EXTRACTED|REQUIRES_SPOT_CHECK_FOR_COMPLEX_PDF_TABLES
2021,2022,21_bg_report.pdf,1553c2f74659f718c8ed0a5c943bed9e29495fb4de6e71794474e9bf03453458,big_game_annual_report,93,"Limited-entry antlerless elk harvest, Utah 2021 (continued).",EA1084,Antlerless Elk,12,"San Rafael, North",0|0|0|5|5|7.0|0.0,"[0, 0, 0, 5, 5, 7.0, 0.0]","12 EA1084 San Rafael, North 0 0 0 5 5 7.0 0.0",0.0,5,5.0,7.0,0.0,0.0,0.0,0.0,MEDIUM,,True,True,True,HUNT_CODE_ROW_EXTRACTED|REQUIRES_SPOT_CHECK_FOR_COMPLEX_PDF_TABLES
2021,2022,21_bg_report.pdf,1553c2f74659f718c8ed0a5c943bed9e29495fb4de6e71794474e9bf03453458,big_game_annual_report,93,"Limited-entry antlerless elk harvest, Utah 2021 (continued).",EA1085,Antlerless Elk,9BD,"South Slope, Bonanza/Vernal",13|6|19|100|79|8.6|23.7,"[13, 6, 19, 100, 79, 8.6, 23.7]","9BD EA1085 South Slope, Bonanza/Vernal 13 6 19 100 79 8.6 23.7",19.0,100,79.0,8.6,23.7,13.0,13.0,6.0,MEDIUM,,True,True,True,HUNT_CODE_ROW_EXTRACTED|REQUIRES_SPOT_CHECK_FOR_COMPLEX_PDF_TABLES
2021,2022,21_bg_report.pdf,1553c2f74659f718c8ed0a5c943bed9e29495fb4de6e71794474e9bf03453458,big_game_annual_report,93,"Limited-entry antlerless elk harvest, Utah 2021 (continued).",EA1087,Antlerless Elk,9BD,"South Slope, Bonanza/Vernal",32|4|36|111|102|6.0|35.2,"[32, 4, 36, 111, 102, 6.0, 35.2]","9BD EA1087 South Slope, Bonanza/Vernal 32 4 36 111 102 6.0 35.2",36.0,111,102.0,6.0,35.2,32.0,32.0,4.0,MEDIUM,,True,True,True,HUNT_CODE_ROW_EXTRACTED|REQUIRES_SPOT_CHECK_FOR_COMPLEX_PDF_TABLES
2021,2022,21_bg_report.pdf,1553c2f74659f718c8ed0a5c943bed9e29495fb4de6e71794474e9bf03453458,big_game_annual_report,94,"Limited-entry antlerless elk harvest, Utah 2021 (continued).",EA1242,Antlerless Elk,9BD,"South Slope, Buckskin Hills-Jensen",43|4|47|113|93|4.6|50.0,"[43, 4, 47, 113, 93, 4.6, 50.0]","9BD EA1242 South Slope, Buckskin Hills-Jensen 43 4 47 113 93 4.6 50.0",47.0,113,93.0,4.6,50.0,43.0,43.0,4.0,MEDIUM,,True,True,True,HUNT_CODE_ROW_EXTRACTED|REQUIRES_SPOT_CHECK_FOR_COMPLEX_PDF_TABLES
2021,2022,21_bg_report.pdf,1553c2f74659f718c8ed0a5c943bed9e29495fb4de6e71794474e9bf03453458,big_game_annual_report,94,"Limited-entry antlerless elk harvest, Utah 2021 (continued).",EA1243,Antlerless Elk,9BD,"South Slope, Buckskin Hills-Jensen",38|6|44|104|93|3.9|47.1,"[38, 6, 44, 104, 93, 3.9, 47.1]","9BD EA1243 South Slope, Buckskin Hills-Jensen 38 6 44 104 93 3.9 47.1",44.0,104,93.0,3.9,47.1,38.0,38.0,6.0,MEDIUM,,True,True,True,HUNT_CODE_ROW_EXTRACTED|REQUIRES_SPOT_CHECK_FOR_COMPLEX_PDF_TABLES
2021,2022,21_bg_report.pdf,1553c2f74659f718c8ed0a5c943bed9e29495fb4de6e71794474e9bf03453458,big_game_annual_report,94,"Limited-entry antlerless elk harvest, Utah 2021 (continued).",EA1089,Antlerless Elk,9C,"South Slope, Diamond Mtn",21|0|21|54|48|4.0|43.8,"[21, 0, 21, 54, 48, 4.0, 43.8]","9C EA1089 South Slope, Diamond Mtn 21 0 21 54 48 4.0 43.8",21.0,54,48.0,4.0,43.8,21.0,21.0,0.0,MEDIUM,,True,True,True,HUNT_CODE_ROW_EXTRACTED|REQUIRES_SPOT_CHECK_FOR_COMPLEX_PDF_TABLES
2021,2022,21_bg_report.pdf,1553c2f74659f718c8ed0a5c943bed9e29495fb4de6e71794474e9bf03453458,big_game_annual_report,94,"Limited-entry antlerless elk harvest, Utah 2021 (continued).",EA1090,Antlerless Elk,9C,"South Slope, Diamond Mtn",17|1|18|53|48|4.7|37.5,"[17, 1, 18, 53, 48, 4.7, 37.5]","9C EA1090 South Slope, Diamond Mtn 17 1 18 53 48 4.7 37.5",18.0,53,48.0,4.7,37.5,17.0,17.0,1.0,MEDIUM,,True,True,True,HUNT_CODE_ROW_EXTRACTED|REQUIRES_SPOT_CHECK_FOR_COMPLEX_PDF_TABLES
2021,2022,21_bg_report.pdf,1553c2f74659f718c8ed0a5c943bed9e29495fb4de6e71794474e9bf03453458,big_game_annual_report,94,"Limited-entry antlerless elk harvest, Utah 2021 (continued).",EA1091,Antlerless Elk,9C,"South Slope, Diamond Mtn",19|3|22|50|47|3.9|46.9,"[19, 3, 22, 50, 47, 3.9, 46.9]","9C EA1091 South Slope, Diamond Mtn 19 3 22 50 47 3.9 46.9",22.0,50,47.0,3.9,46.9,19.0,19.0,3.0,MEDIUM,,True,True,True,HUNT_CODE_ROW_EXTRACTED|REQUIRES_SPOT_CHECK_FOR_COMPLEX_PDF_TABLES
2021,2022,21_bg_report.pdf,1553c2f74659f718c8ed0a5c943bed9e29495fb4de6e71794474e9bf03453458,big_game_annual_report,94,"Limited-entry antlerless elk harvest, Utah 2021 (continued).",EA1094,Antlerless Elk,9BD,"South Slope, Mosby Mtn",24|2|26|95|88|7.0|29.8,"[24, 2, 26, 95, 88, 7.0, 29.8]","9BD EA1094 South Slope, Mosby Mtn 24 2 26 95 88 7.0 29.8",26.0,95,88.0,7.0,29.8,24.0,24.0,2.0,MEDIUM,,True,True,True,HUNT_CODE_ROW_EXTRACTED|REQUIRES_SPOT_CHECK_FOR_COMPLEX_PDF_TABLES
2021,2022,21_bg_report.pdf,1553c2f74659f718c8ed0a5c943bed9e29495fb4de6e71794474e9bf03453458,big_game_annual_report,94,"Limited-entry antlerless elk harvest, Utah 2021 (continued).",EA1098,Antlerless Elk,9A,"South Slope, Yellowstone",32|5|37|84|72|5.0|51.2,"[32, 5, 37, 84, 72, 5.0, 51.2]","9A EA1098 South Slope, Yellowstone 32 5 37 84 72 5.0 51.2",37.0,84,72.0,5.0,51.2,32.0,32.0,5.0,MEDIUM,,True,True,True,HUNT_CODE_ROW_EXTRACTED|REQUIRES_SPOT_CHECK_FOR_COMPLEX_PDF_TABLES
2021,2022,21_bg_report.pdf,1553c2f74659f718c8ed0a5c943bed9e29495fb4de6e71794474e9bf03453458,big_game_annual_report,94,"Limited-entry antlerless elk harvest, Utah 2021 (continued).",EA1099,Antlerless Elk,9A,"South Slope, Yellowstone",31|0|31|79|72|5.3|42.5,"[31, 0, 31, 79, 72, 5.3, 42.5]","9A EA1099 South Slope, Yellowstone 31 0 31 79 72 5.3 42.5",31.0,79,72.0,5.3,42.5,31.0,31.0,0.0,MEDIUM,,True,True,True,HUNT_CODE_ROW_EXTRACTED|REQUIRES_SPOT_CHECK_FOR_COMPLEX_PDF_TABLES
2021,2022,21_bg_report.pdf,1553c2f74659f718c8ed0a5c943bed9e29495fb4de6e71794474e9bf03453458,big_game_annual_report,94,"Limited-entry antlerless elk harvest, Utah 2021 (continued).",EA1100,Antlerless Elk,9A,"South Slope, Yellowstone",10|2|12|82|63|3.9|18.9,"[10, 2, 12, 82, 63, 3.9, 18.9]","9A EA1100 South Slope, Yellowstone 10 2 12 82 63 3.9 18.9",12.0,82,63.0,3.9,18.9,10.0,10.0,2.0,MEDIUM,,True,True,True,HUNT_CODE_ROW_EXTRACTED|REQUIRES_SPOT_CHECK_FOR_COMPLEX_PDF_TABLES
2021,2022,21_bg_report.pdf,1553c2f74659f718c8ed0a5c943bed9e29495fb4de6e71794474e9bf03453458,big_game_annual_report,94,"Limited-entry antlerless elk harvest, Utah 2021 (continued).",EA1244,Antlerless Elk,9A,"South Slope, Yellowstone",26|2|28|321|273|5.3|10.3,"[26, 2, 28, 321, 273, 5.3, 10.3]","9A EA1244 South Slope, Yellowstone 26 2 28 321 273 5.3 10.3",28.0,321,273.0,5.3,10.3,26.0,26.0,2.0,MEDIUM,,True,True,True,HUNT_CODE_ROW_EXTRACTED|REQUIRES_SPOT_CHECK_FOR_COMPLEX_PDF_TABLES
2021,2022,21_bg_report.pdf,1553c2f74659f718c8ed0a5c943bed9e29495fb4de6e71794474e9bf03453458,big_game_annual_report,94,"Limited-entry antlerless elk harvest, Utah 2021 (continued).",EA1245,Antlerless Elk,9A,"South Slope, Yellowstone",10|0|10|105|86|4.4|11.1,"[10, 0, 10, 105, 86, 4.4, 11.1]","9A EA1245 South Slope, Yellowstone 10 0 10 105 86 4.4 11.1",10.0,105,86.0,4.4,11.1,10.0,10.0,0.0,MEDIUM,,True,True,True,HUNT_CODE_ROW_EXTRACTED|REQUIRES_SPOT_CHECK_FOR_COMPLEX_PDF_TABLES
2021,2022,21_bg_report.pdf,1553c2f74659f718c8ed0a5c943bed9e29495fb4de6e71794474e9bf03453458,big_game_annual_report,94,"Limited-entry antlerless elk harvest, Utah 2021 (continued).",EA1101,Antlerless Elk,20,Southwest Desert,38|1|39|97|86|5.5|45.5,"[38, 1, 39, 97, 86, 5.5, 45.5]",20 EA1101 Southwest Desert 38 1 39 97 86 5.5 45.5,39.0,97,86.0,5.5,45.5,38.0,38.0,1.0,MEDIUM,,True,True,True,HUNT_CODE_ROW_EXTRACTED|REQUIRES_SPOT_CHECK_FOR_COMPLEX_PDF_TABLES
2021,2022,21_bg_report.pdf,1553c2f74659f718c8ed0a5c943bed9e29495fb4de6e71794474e9bf03453458,big_game_annual_report,94,"Limited-entry antlerless elk harvest, Utah 2021 (continued).",EA1217,Antlerless Elk,17,"Wasatch Mtns, Avintaquin",16|0|16|163|137|5.2|12.0,"[16, 0, 16, 163, 137, 5.2, 12.0]","17 EA1217 Wasatch Mtns, Avintaquin 16 0 16 163 137 5.2 12.0",16.0,163,137.0,5.2,12.0,16.0,16.0,0.0,MEDIUM,,True,True,True,HUNT_CODE_ROW_EXTRACTED|REQUIRES_SPOT_CHECK_FOR_COMPLEX_PDF_TABLES
2021,2022,21_bg_report.pdf,1553c2f74659f718c8ed0a5c943bed9e29495fb4de6e71794474e9bf03453458,big_game_annual_report,94,"Limited-entry antlerless elk harvest, Utah 2021 (continued).",EA1110,Antlerless Elk,17,"Wasatch Mtns, Salt Lake",24|2|26|41|38|7.5|69.0,"[24, 2, 26, 41, 38, 7.5, 69.0]","17 EA1110 Wasatch Mtns, Salt Lake 24 2 26 41 38 7.5 69.0",26.0,41,38.0,7.5,69.0,24.0,24.0,2.0,MEDIUM,,True,True,True,HUNT_CODE_ROW_EXTRACTED|REQUIRES_SPOT_CHECK_FOR_COMPLEX_PDF_TABLES
2021,2022,21_bg_report.pdf,1553c2f74659f718c8ed0a5c943bed9e29495fb4de6e71794474e9bf03453458,big_game_annual_report,94,"Limited-entry antlerless elk harvest, Utah 2021 (continued).",EA1111,Antlerless Elk,17,"Wasatch Mtns, Wallsburg",8|1|9|30|30|4.9|31.3,"[8, 1, 9, 30, 30, 4.9, 31.3]","17 EA1111 Wasatch Mtns, Wallsburg 8 1 9 30 30 4.9 31.3",9.0,30,30.0,4.9,31.3,8.0,8.0,1.0,MEDIUM,,True,True,True,HUNT_CODE_ROW_EXTRACTED|REQUIRES_SPOT_CHECK_FOR_COMPLEX_PDF_TABLES
2021,2022,21_bg_report.pdf,1553c2f74659f718c8ed0a5c943bed9e29495fb4de6e71794474e9bf03453458,big_game_annual_report,94,"Limited-entry antlerless elk harvest, Utah 2021 (continued).",EA1112,Antlerless Elk,17,"Wasatch Mtns, Wallsburg",15|2|17|49|46|3.9|36.7,"[15, 2, 17, 49, 46, 3.9, 36.7]","17 EA1112 Wasatch Mtns, Wallsburg 15 2 17 49 46 3.9 36.7",17.0,49,46.0,3.9,36.7,15.0,15.0,2.0,MEDIUM,,True,True,True,HUNT_CODE_ROW_EXTRACTED|REQUIRES_SPOT_CHECK_FOR_COMPLEX_PDF_TABLES
2021,2022,21_bg_report.pdf,1553c2f74659f718c8ed0a5c943bed9e29495fb4de6e71794474e9bf03453458,big_game_annual_report,94,"Limited-entry antlerless elk harvest, Utah 2021 (continued).",EA1113,Antlerless Elk,17,"Wasatch Mtns, West Heber",14|0|14|26|19|4.9|72.7,"[14, 0, 14, 26, 19, 4.9, 72.7]","17 EA1113 Wasatch Mtns, West Heber 14 0 14 26 19 4.9 72.7",14.0,26,19.0,4.9,72.7,14.0,14.0,0.0,MEDIUM,,True,True,True,HUNT_CODE_ROW_EXTRACTED|REQUIRES_SPOT_CHECK_FOR_COMPLEX_PDF_TABLES
2021,2022,21_bg_report.pdf,1553c2f74659f718c8ed0a5c943bed9e29495fb4de6e71794474e9bf03453458,big_game_annual_report,94,"Limited-entry antlerless elk harvest, Utah 2021 (continued).",EA1114,Antlerless Elk,17,"Wasatch Mtns, West Timpanogos",15|0|15|33|28|5.3|55.0,"[15, 0, 15, 33, 28, 5.3, 55.0]","17 EA1114 Wasatch Mtns, West Timpanogos 15 0 15 33 28 5.3 55.0",15.0,33,28.0,5.3,55.0,15.0,15.0,0.0,MEDIUM,,True,True,True,HUNT_CODE_ROW_EXTRACTED|REQUIRES_SPOT_CHECK_FOR_COMPLEX_PDF_TABLES
2021,2022,21_bg_report.pdf,1553c2f74659f718c8ed0a5c943bed9e29495fb4de6e71794474e9bf03453458,big_game_annual_report,94,"Limited-entry antlerless elk harvest, Utah 2021 (continued).",EA1189,Antlerless Elk,17,"Wasatch Mtns, West-Central",102|15|117|405|346|4.4|33.9,"[102, 15, 117, 405, 346, 4.4, 33.9]","17 EA1189 Wasatch Mtns, West-Central 102 15 117 405 346 4.4 33.9",117.0,405,346.0,4.4,33.9,102.0,102.0,15.0,MEDIUM,,True,True,True,HUNT_CODE_ROW_EXTRACTED|REQUIRES_SPOT_CHECK_FOR_COMPLEX_PDF_TABLES
2021,2022,21_bg_report.pdf,1553c2f74659f718c8ed0a5c943bed9e29495fb4de6e71794474e9bf03453458,big_game_annual_report,94,"Limited-entry antlerless elk harvest, Utah 2021 (continued).",EA1231,Antlerless Elk,19,"West Desert, Tintic Valley",8|0|8|50|40|13.9|20.0,"[8, 0, 8, 50, 40, 13.9, 20.0]","19 EA1231 West Desert, Tintic Valley 8 0 8 50 40 13.9 20.0",8.0,50,40.0,13.9,20.0,8.0,8.0,0.0,MEDIUM,,True,True,True,HUNT_CODE_ROW_EXTRACTED|REQUIRES_SPOT_CHECK_FOR_COMPLEX_PDF_TABLES
2021,2022,21_bg_report.pdf,1553c2f74659f718c8ed0a5c943bed9e29495fb4de6e71794474e9bf03453458,big_game_annual_report,94,"Limited-entry antlerless elk harvest, Utah 2021 (continued).",EA1116,Antlerless Elk,29,Zion,7|0|7|103|85|7.5|8.7,"[7, 0, 7, 103, 85, 7.5, 8.7]",29 EA1116 Zion 7 0 7 103 85 7.5 8.7,7.0,103,85.0,7.5,8.7,7.0,7.0,0.0,MEDIUM,,True,True,True,HUNT_CODE_ROW_EXTRACTED|REQUIRES_SPOT_CHECK_FOR_COMPLEX_PDF_TABLES
2021,2022,21_bg_report.pdf,1553c2f74659f718c8ed0a5c943bed9e29495fb4de6e71794474e9bf03453458,big_game_annual_report,94,"Limited-entry antlerless elk harvest, Utah 2021 (continued).",EA1117,Antlerless Elk,29,Zion,35|1|36|207|162|7.3|22.5,"[35, 1, 36, 207, 162, 7.3, 22.5]",29 EA1117 Zion 35 1 36 207 162 7.3 22.5,36.0,207,162.0,7.3,22.5,35.0,35.0,1.0,MEDIUM,,True,True,True,HUNT_CODE_ROW_EXTRACTED|REQUIRES_SPOT_CHECK_FOR_COMPLEX_PDF_TABLES
2021,2022,21_bg_report.pdf,1553c2f74659f718c8ed0a5c943bed9e29495fb4de6e71794474e9bf03453458,big_game_annual_report,95,"Limited-entry private-lands-only antlerless elk harvest, Utah 2021.",EA2021,Antlerless Elk,22B,"Beaver, East",6|0|6|43|17|9.3|33.3,"[6, 0, 6, 43, 17, 9.3, 33.3]","22B EA2021 Beaver, East 6 0 6 43 17 9.3 33.3",6.0,43,17.0,9.3,33.3,6.0,6.0,0.0,MEDIUM,,True,True,True,HUNT_CODE_ROW_EXTRACTED|REQUIRES_SPOT_CHECK_FOR_COMPLEX_PDF_TABLES
2021,2022,21_bg_report.pdf,1553c2f74659f718c8ed0a5c943bed9e29495fb4de6e71794474e9bf03453458,big_game_annual_report,95,"Limited-entry private-lands-only antlerless elk harvest, Utah 2021.",EA2026,Antlerless Elk,1,"Box Elder, Hansel Mtn",16|4|20|63|50|11.1|40.9,"[16, 4, 20, 63, 50, 11.1, 40.9]","1 EA2026 Box Elder, Hansel Mtn 16 4 20 63 50 11.1 40.9",20.0,63,50.0,11.1,40.9,16.0,16.0,4.0,MEDIUM,,True,True,True,HUNT_CODE_ROW_EXTRACTED|REQUIRES_SPOT_CHECK_FOR_COMPLEX_PDF_TABLES
2021,2022,21_bg_report.pdf,1553c2f74659f718c8ed0a5c943bed9e29495fb4de6e71794474e9bf03453458,big_game_annual_report,95,"Limited-entry private-lands-only antlerless elk harvest, Utah 2021.",EA2027,Antlerless Elk,2,Cache,48|7|55|243|203|7.9|27.1,"[48, 7, 55, 243, 203, 7.9, 27.1]",2 EA2027 Cache 48 7 55 243 203 7.9 27.1,55.0,243,203.0,7.9,27.1,48.0,48.0,7.0,MEDIUM,,True,True,True,HUNT_CODE_ROW_EXTRACTED|REQUIRES_SPOT_CHECK_FOR_COMPLEX_PDF_TABLES
2021,2022,21_bg_report.pdf,1553c2f74659f718c8ed0a5c943bed9e29495fb4de6e71794474e9bf03453458,big_game_annual_report,95,"Limited-entry private-lands-only antlerless elk harvest, Utah 2021.",EA2011,Antlerless Elk,16B,"Central Mtns, Manti",47|13|60|195|153|5.5|39.0,"[47, 13, 60, 195, 153, 5.5, 39.0]","16B EA2011 Central Mtns, Manti 47 13 60 195 153 5.5 39.0",60.0,195,153.0,5.5,39.0,47.0,47.0,13.0,MEDIUM,,True,True,True,HUNT_CODE_ROW_EXTRACTED|REQUIRES_SPOT_CHECK_FOR_COMPLEX_PDF_TABLES
2021,2022,21_bg_report.pdf,1553c2f74659f718c8ed0a5c943bed9e29495fb4de6e71794474e9bf03453458,big_game_annual_report,95,"Limited-entry private-lands-only antlerless elk harvest, Utah 2021.",EA2016,Antlerless Elk,16A,"Central Mtns, Nebo",21|5|26|97|76|10.3|34.4,"[21, 5, 26, 97, 76, 10.3, 34.4]","16A EA2016 Central Mtns, Nebo 21 5 26 97 76 10.3 34.4",26.0,97,76.0,10.3,34.4,21.0,21.0,5.0,MEDIUM,,True,True,True,HUNT_CODE_ROW_EXTRACTED|REQUIRES_SPOT_CHECK_FOR_COMPLEX_PDF_TABLES
2021,2022,21_bg_report.pdf,1553c2f74659f718c8ed0a5c943bed9e29495fb4de6e71794474e9bf03453458,big_game_annual_report,95,"Limited-entry private-lands-only antlerless elk harvest, Utah 2021.",EA2004,Antlerless Elk,6,Chalk Creek,186|40|226|493|397|6.3|57.0,"[186, 40, 226, 493, 397, 6.3, 57.0]",6 EA2004 Chalk Creek 186 40 226 493 397 6.3 57.0,226.0,493,397.0,6.3,57.0,186.0,186.0,40.0,MEDIUM,,True,True,True,HUNT_CODE_ROW_EXTRACTED|REQUIRES_SPOT_CHECK_FOR_COMPLEX_PDF_TABLES
2021,2022,21_bg_report.pdf,1553c2f74659f718c8ed0a5c943bed9e29495fb4de6e71794474e9bf03453458,big_game_annual_report,95,"Limited-entry private-lands-only antlerless elk harvest, Utah 2021.",EA2003,Antlerless Elk,5,East Canyon,107|5|112|298|256|6.3|43.6,"[107, 5, 112, 298, 256, 6.3, 43.6]",5 EA2003 East Canyon 107 5 112 298 256 6.3 43.6,112.0,298,256.0,6.3,43.6,107.0,107.0,5.0,MEDIUM,,True,True,True,HUNT_CODE_ROW_EXTRACTED|REQUIRES_SPOT_CHECK_FOR_COMPLEX_PDF_TABLES
2021,2022,21_bg_report.pdf,1553c2f74659f718c8ed0a5c943bed9e29495fb4de6e71794474e9bf03453458,big_game_annual_report,95,"Limited-entry private-lands-only antlerless elk harvest, Utah 2021.",EA2032,Antlerless Elk,21,Fillmore,0|0|0|13|10|3.3|0.0,"[0, 0, 0, 13, 10, 3.3, 0.0]",21 EA2032 Fillmore 0 0 0 13 10 3.3 0.0,0.0,13,10.0,3.3,0.0,0.0,0.0,0.0,MEDIUM,,True,True,True,HUNT_CODE_ROW_EXTRACTED|REQUIRES_SPOT_CHECK_FOR_COMPLEX_PDF_TABLES
2021,2022,21_bg_report.pdf,1553c2f74659f718c8ed0a5c943bed9e29495fb4de6e71794474e9bf03453458,big_game_annual_report,95,"Limited-entry private-lands-only antlerless elk harvest, Utah 2021.",EA2009,Antlerless Elk,13A,"La Sal, La Sal Mtns",8|3|11|79|65|8.4|17.4,"[8, 3, 11, 79, 65, 8.4, 17.4]","13A EA2009 La Sal, La Sal Mtns 8 3 11 79 65 8.4 17.4",11.0,79,65.0,8.4,17.4,8.0,8.0,3.0,MEDIUM,,True,True,True,HUNT_CODE_ROW_EXTRACTED|REQUIRES_SPOT_CHECK_FOR_COMPLEX_PDF_TABLES
2021,2022,21_bg_report.pdf,1553c2f74659f718c8ed0a5c943bed9e29495fb4de6e71794474e9bf03453458,big_game_annual_report,95,"Limited-entry private-lands-only antlerless elk harvest, Utah 2021.",EA2002,Antlerless Elk,4,Morgan-South Rich,45|9|54|137|117|4.7|46.2,"[45, 9, 54, 137, 117, 4.7, 46.2]",4 EA2002 Morgan-South Rich 45 9 54 137 117 4.7 46.2,54.0,137,117.0,4.7,46.2,45.0,45.0,9.0,MEDIUM,,True,True,True,HUNT_CODE_ROW_EXTRACTED|REQUIRES_SPOT_CHECK_FOR_COMPLEX_PDF_TABLES
2021,2022,21_bg_report.pdf,1553c2f74659f718c8ed0a5c943bed9e29495fb4de6e71794474e9bf03453458,big_game_annual_report,95,"Limited-entry private-lands-only antlerless elk harvest, Utah 2021.",EA2017,Antlerless Elk,24,Mt Dutton,7|0|7|34|20|13.8|33.3,"[7, 0, 7, 34, 20, 13.8, 33.3]",24 EA2017 Mt Dutton 7 0 7 34 20 13.8 33.3,7.0,34,20.0,13.8,33.3,7.0,7.0,0.0,MEDIUM,,True,True,True,HUNT_CODE_ROW_EXTRACTED|REQUIRES_SPOT_CHECK_FOR_COMPLEX_PDF_TABLES
2021,2022,21_bg_report.pdf,1553c2f74659f718c8ed0a5c943bed9e29495fb4de6e71794474e9bf03453458,big_game_annual_report,95,"Limited-entry private-lands-only antlerless elk harvest, Utah 2021.",EA2008,Antlerless Elk,11A,"Nine Mile, Anthro-Myton Bench",8|0|8|21|13|3.3|66.7,"[8, 0, 8, 21, 13, 3.3, 66.7]","11A EA2008 Nine Mile, Anthro-Myton Bench 8 0 8 21 13 3.3 66.7",8.0,21,13.0,3.3,66.7,8.0,8.0,0.0,MEDIUM,,True,True,True,HUNT_CODE_ROW_EXTRACTED|REQUIRES_SPOT_CHECK_FOR_COMPLEX_PDF_TABLES
2021,2022,21_bg_report.pdf,1553c2f74659f718c8ed0a5c943bed9e29495fb4de6e71794474e9bf03453458,big_game_annual_report,95,"Limited-entry private-lands-only antlerless elk harvest, Utah 2021.",EA2029,Antlerless Elk,11B,"Nine Mile, Range Creek",6|7|13|82|57|11.8|22.2,"[6, 7, 13, 82, 57, 11.8, 22.2]","11B EA2029 Nine Mile, Range Creek 6 7 13 82 57 11.8 22.2",13.0,82,57.0,11.8,22.2,6.0,6.0,7.0,MEDIUM,,True,True,True,HUNT_CODE_ROW_EXTRACTED|REQUIRES_SPOT_CHECK_FOR_COMPLEX_PDF_TABLES
2021,2022,21_bg_report.pdf,1553c2f74659f718c8ed0a5c943bed9e29495fb4de6e71794474e9bf03453458,big_game_annual_report,95,"Limited-entry private-lands-only antlerless elk harvest, Utah 2021.",EA2005,Antlerless Elk,8AB,"North Slope, West Daggett",20|2|22|48|39|7.2|55.6,"[20, 2, 22, 48, 39, 7.2, 55.6]","8AB EA2005 North Slope, West Daggett 20 2 22 48 39 7.2 55.6",22.0,48,39.0,7.2,55.6,20.0,20.0,2.0,MEDIUM,,True,True,True,HUNT_CODE_ROW_EXTRACTED|REQUIRES_SPOT_CHECK_FOR_COMPLEX_PDF_TABLES
2021,2022,21_bg_report.pdf,1553c2f74659f718c8ed0a5c943bed9e29495fb4de6e71794474e9bf03453458,big_game_annual_report,95,"Limited-entry private-lands-only antlerless elk harvest, Utah 2021.",EA2001,Antlerless Elk,3,Ogden,61|9|70|218|195|11.8|35.8,"[61, 9, 70, 218, 195, 11.8, 35.8]",3 EA2001 Ogden 61 9 70 218 195 11.8 35.8,70.0,218,195.0,11.8,35.8,61.0,61.0,9.0,MEDIUM,,True,True,True,HUNT_CODE_ROW_EXTRACTED|REQUIRES_SPOT_CHECK_FOR_COMPLEX_PDF_TABLES
2021,2022,21_bg_report.pdf,1553c2f74659f718c8ed0a5c943bed9e29495fb4de6e71794474e9bf03453458,big_game_annual_report,95,"Limited-entry private-lands-only antlerless elk harvest, Utah 2021.",EA2018,Antlerless Elk,28,Panguitch Lake,33|3|36|108|97|7.0|37.1,"[33, 3, 36, 108, 97, 7.0, 37.1]",28 EA2018 Panguitch Lake 33 3 36 108 97 7.0 37.1,36.0,108,97.0,7.0,37.1,33.0,33.0,3.0,MEDIUM,,True,True,True,HUNT_CODE_ROW_EXTRACTED|REQUIRES_SPOT_CHECK_FOR_COMPLEX_PDF_TABLES
2021,2022,21_bg_report.pdf,1553c2f74659f718c8ed0a5c943bed9e29495fb4de6e71794474e9bf03453458,big_game_annual_report,95,"Limited-entry private-lands-only antlerless elk harvest, Utah 2021.",EA2015,Antlerless Elk,27,Paunsaugunt,17|4|21|100|83|21.5|25.0,"[17, 4, 21, 100, 83, 21.5, 25.0]",27 EA2015 Paunsaugunt 17 4 21 100 83 21.5 25.0,21.0,100,83.0,21.5,25.0,17.0,17.0,4.0,MEDIUM,,True,True,True,HUNT_CODE_ROW_EXTRACTED|REQUIRES_SPOT_CHECK_FOR_COMPLEX_PDF_TABLES
2021,2022,21_bg_report.pdf,1553c2f74659f718c8ed0a5c943bed9e29495fb4de6e71794474e9bf03453458,big_game_annual_report,95,"Limited-entry private-lands-only antlerless elk harvest, Utah 2021.",EA2031,Antlerless Elk,25AB,"Plateau, Fishlake/Thousand Lakes",21|0|21|48|34|7.0|60.0,"[21, 0, 21, 48, 34, 7.0, 60.0]","25AB EA2031 Plateau, Fishlake/Thousand Lakes 21 0 21 48 34 7.0 60.0",21.0,48,34.0,7.0,60.0,21.0,21.0,0.0,MEDIUM,,True,True,True,HUNT_CODE_ROW_EXTRACTED|REQUIRES_SPOT_CHECK_FOR_COMPLEX_PDF_TABLES
2021,2022,21_bg_report.pdf,1553c2f74659f718c8ed0a5c943bed9e29495fb4de6e71794474e9bf03453458,big_game_annual_report,95,"Limited-entry private-lands-only antlerless elk harvest, Utah 2021.",EA2010,Antlerless Elk,14B,San Juan,23|0|23|49|41|10.9|56.3,"[23, 0, 23, 49, 41, 10.9, 56.3]",14B EA2010 San Juan 23 0 23 49 41 10.9 56.3,23.0,49,41.0,10.9,56.3,23.0,23.0,0.0,MEDIUM,,True,True,True,HUNT_CODE_ROW_EXTRACTED|REQUIRES_SPOT_CHECK_FOR_COMPLEX_PDF_TABLES
2021,2022,21_bg_report.pdf,1553c2f74659f718c8ed0a5c943bed9e29495fb4de6e71794474e9bf03453458,big_game_annual_report,95,"Limited-entry private-lands-only antlerless elk harvest, Utah 2021.",EA2028,Antlerless Elk,9BD,"South Slope, Bonanza/Vernal",133|15|148|274|242|6.5|61.0,"[133, 15, 148, 274, 242, 6.5, 61.0]","9BD EA2028 South Slope, Bonanza/Vernal 133 15 148 274 242 6.5 61.0",148.0,274,242.0,6.5,61.0,133.0,133.0,15.0,MEDIUM,,True,True,True,HUNT_CODE_ROW_EXTRACTED|REQUIRES_SPOT_CHECK_FOR_COMPLEX_PDF_TABLES
2021,2022,21_bg_report.pdf,1553c2f74659f718c8ed0a5c943bed9e29495fb4de6e71794474e9bf03453458,big_game_annual_report,95,"Limited-entry private-lands-only antlerless elk harvest, Utah 2021.",EA2030,Antlerless Elk,9C,"South Slope, Diamond Mtn",91|8|99|198|160|3.8|61.7,"[91, 8, 99, 198, 160, 3.8, 61.7]","9C EA2030 South Slope, Diamond Mtn 91 8 99 198 160 3.8 61.7",99.0,198,160.0,3.8,61.7,91.0,91.0,8.0,MEDIUM,,True,True,True,HUNT_CODE_ROW_EXTRACTED|REQUIRES_SPOT_CHECK_FOR_COMPLEX_PDF_TABLES
2021,2022,21_bg_report.pdf,1553c2f74659f718c8ed0a5c943bed9e29495fb4de6e71794474e9bf03453458,big_game_annual_report,95,"Limited-entry private-lands-only antlerless elk harvest, Utah 2021.",EA2006,Antlerless Elk,9A,"South Slope, Yellowstone",192|6|198|526|470|8.7|42.1,"[192, 6, 198, 526, 470, 8.7, 42.1]","9A EA2006 South Slope, Yellowstone 192 6 198 526 470 8.7 42.1",198.0,526,470.0,8.7,42.1,192.0,192.0,6.0,MEDIUM,,True,True,True,HUNT_CODE_ROW_EXTRACTED|REQUIRES_SPOT_CHECK_FOR_COMPLEX_PDF_TABLES
2021,2022,21_bg_report.pdf,1553c2f74659f718c8ed0a5c943bed9e29495fb4de6e71794474e9bf03453458,big_game_annual_report,95,"Limited-entry private-lands-only antlerless elk harvest, Utah 2021.",EA2014,Antlerless Elk,17,"Wasatch Mtns, Avintaquin - White River",11|0|11|48|42|3.7|26.1,"[11, 0, 11, 48, 42, 3.7, 26.1]","17 EA2014 Wasatch Mtns, Avintaquin - White River 11 0 11 48 42 3.7 26.1",11.0,48,42.0,3.7,26.1,11.0,11.0,0.0,MEDIUM,,True,True,True,HUNT_CODE_ROW_EXTRACTED|REQUIRES_SPOT_CHECK_FOR_COMPLEX_PDF_TABLES
2021,2022,21_bg_report.pdf,1553c2f74659f718c8ed0a5c943bed9e29495fb4de6e71794474e9bf03453458,big_game_annual_report,95,"Limited-entry private-lands-only antlerless elk harvest, Utah 2021.",EA2013,Antlerless Elk,17,"Wasatch Mtns, Currant Creek",14|0|14|115|85|9.2|16.2,"[14, 0, 14, 115, 85, 9.2, 16.2]","17 EA2013 Wasatch Mtns, Currant Creek 14 0 14 115 85 9.2 16.2",14.0,115,85.0,9.2,16.2,14.0,14.0,0.0,MEDIUM,,True,True,True,HUNT_CODE_ROW_EXTRACTED|REQUIRES_SPOT_CHECK_FOR_COMPLEX_PDF_TABLES
2021,2022,21_bg_report.pdf,1553c2f74659f718c8ed0a5c943bed9e29495fb4de6e71794474e9bf03453458,big_game_annual_report,95,"Limited-entry private-lands-only antlerless elk harvest, Utah 2021.",EA2012,Antlerless Elk,17,"Wasatch Mtns, West",68|3|71|244|215|6.1|32.9,"[68, 3, 71, 244, 215, 6.1, 32.9]","17 EA2012 Wasatch Mtns, West 68 3 71 244 215 6.1 32.9",71.0,244,215.0,6.1,32.9,68.0,68.0,3.0,MEDIUM,,True,True,True,HUNT_CODE_ROW_EXTRACTED|REQUIRES_SPOT_CHECK_FOR_COMPLEX_PDF_TABLES
2021,2022,21_bg_report.pdf,1553c2f74659f718c8ed0a5c943bed9e29495fb4de6e71794474e9bf03453458,big_game_annual_report,95,"Limited-entry private-lands-only antlerless elk harvest, Utah 2021.",EA2019,Antlerless Elk,19,"West Desert, Tintic Valley",11|0|11|66|55|12.0|20.8,"[11, 0, 11, 66, 55, 12.0, 20.8]","19 EA2019 West Desert, Tintic Valley 11 0 11 66 55 12.0 20.8",11.0,66,55.0,12.0,20.8,11.0,11.0,0.0,MEDIUM,,True,True,True,HUNT_CODE_ROW_EXTRACTED|REQUIRES_SPOT_CHECK_FOR_COMPLEX_PDF_TABLES
2021,2022,21_bg_report.pdf,1553c2f74659f718c8ed0a5c943bed9e29495fb4de6e71794474e9bf03453458,big_game_annual_report,95,"Limited-entry private-lands-only antlerless elk harvest, Utah 2021.",EA2020,Antlerless Elk,29,Zion,37|0|37|129|99|8.6|37.5,"[37, 0, 37, 129, 99, 8.6, 37.5]",29 EA2020 Zion 37 0 37 129 99 8.6 37.5,37.0,129,99.0,8.6,37.5,37.0,37.0,0.0,MEDIUM,,True,True,True,HUNT_CODE_ROW_EXTRACTED|REQUIRES_SPOT_CHECK_FOR_COMPLEX_PDF_TABLES
2021,2022,21_bg_report.pdf,1553c2f74659f718c8ed0a5c943bed9e29495fb4de6e71794474e9bf03453458,big_game_annual_report,96,"CWMU antlerless elk harvest, Utah 2021.",EA1118,Antlerless Elk,27,Alton,7|0|7|11|7|8.5|100.0,"[7, 0, 7, 11, 7, 8.5, 100.0]",27 EA1118 Alton 7 0 7 11 7 8.5 100.0,7.0,11,7.0,8.5,100.0,7.0,7.0,0.0,MEDIUM,,True,True,True,HUNT_CODE_ROW_EXTRACTED|REQUIRES_SPOT_CHECK_FOR_COMPLEX_PDF_TABLES
2021,2022,21_bg_report.pdf,1553c2f74659f718c8ed0a5c943bed9e29495fb4de6e71794474e9bf03453458,big_game_annual_report,96,"CWMU antlerless elk harvest, Utah 2021.",EA1233,Antlerless Elk,17,Avintaquin Canyon,2|1|3|6|6|2.8|50.0,"[2, 1, 3, 6, 6, 2.8, 50.0]",17 EA1233 Avintaquin Canyon 2 1 3 6 6 2.8 50.0,3.0,6,6.0,2.8,50.0,2.0,2.0,1.0,MEDIUM,,True,True,True,HUNT_CODE_ROW_EXTRACTED|REQUIRES_SPOT_CHECK_FOR_COMPLEX_PDF_TABLES
2021,2022,21_bg_report.pdf,1553c2f74659f718c8ed0a5c943bed9e29495fb4de6e71794474e9bf03453458,big_game_annual_report,96,"CWMU antlerless elk harvest, Utah 2021.",EA1119,Antlerless Elk,25AB,Bar J Ranch,10|1|11|16|16|2.5|70.0,"[10, 1, 11, 16, 16, 2.5, 70.0]",25AB EA1119 Bar J Ranch 10 1 11 16 16 2.5 70.0,11.0,16,16.0,2.5,70.0,10.0,10.0,1.0,MEDIUM,,True,True,True,HUNT_CODE_ROW_EXTRACTED|REQUIRES_SPOT_CHECK_FOR_COMPLEX_PDF_TABLES
2021,2022,21_bg_report.pdf,1553c2f74659f718c8ed0a5c943bed9e29495fb4de6e71794474e9bf03453458,big_game_annual_report,96,"CWMU antlerless elk harvest, Utah 2021.",EA1120,Antlerless Elk,16B,Bear Mountain,5|0|5|20|20|2.9|25.0,"[5, 0, 5, 20, 20, 2.9, 25.0]",16B EA1120 Bear Mountain 5 0 5 20 20 2.9 25.0,5.0,20,20.0,2.9,25.0,5.0,5.0,0.0,MEDIUM,,True,True,True,HUNT_CODE_ROW_EXTRACTED|REQUIRES_SPOT_CHECK_FOR_COMPLEX_PDF_TABLES
2021,2022,21_bg_report.pdf,1553c2f74659f718c8ed0a5c943bed9e29495fb4de6e71794474e9bf03453458,big_game_annual_report,96,"CWMU antlerless elk harvest, Utah 2021.",EA1198,Antlerless Elk,3,Bear Springs,1|0|1|1|1|2.0|100.0,"[1, 0, 1, 1, 1, 2.0, 100.0]",3 EA1198 Bear Springs 1 0 1 1 1 2.0 100.0,1.0,1,1.0,2.0,100.0,1.0,1.0,0.0,MEDIUM,,True,True,True,HUNT_CODE_ROW_EXTRACTED|REQUIRES_SPOT_CHECK_FOR_COMPLEX_PDF_TABLES
2021,2022,21_bg_report.pdf,1553c2f74659f718c8ed0a5c943bed9e29495fb4de6e71794474e9bf03453458,big_game_annual_report,96,"CWMU antlerless elk harvest, Utah 2021.",EA1121,Antlerless Elk,25AB,Boobe Hole,3|0|3|10|10|2.7|33.3,"[3, 0, 3, 10, 10, 2.7, 33.3]",25AB EA1121 Boobe Hole 3 0 3 10 10 2.7 33.3,3.0,10,10.0,2.7,33.3,3.0,3.0,0.0,MEDIUM,,True,True,True,HUNT_CODE_ROW_EXTRACTED|REQUIRES_SPOT_CHECK_FOR_COMPLEX_PDF_TABLES
2021,2022,21_bg_report.pdf,1553c2f74659f718c8ed0a5c943bed9e29495fb4de6e71794474e9bf03453458,big_game_annual_report,96,"CWMU antlerless elk harvest, Utah 2021.",EA1122,Antlerless Elk,4,Causey Spring,3|0|3|5|5|4.7|66.7,"[3, 0, 3, 5, 5, 4.7, 66.7]",4 EA1122 Causey Spring 3 0 3 5 5 4.7 66.7,3.0,5,5.0,4.7,66.7,3.0,3.0,0.0,MEDIUM,,True,True,True,HUNT_CODE_ROW_EXTRACTED|REQUIRES_SPOT_CHECK_FOR_COMPLEX_PDF_TABLES
2021,2022,21_bg_report.pdf,1553c2f74659f718c8ed0a5c943bed9e29495fb4de6e71794474e9bf03453458,big_game_annual_report,96,"CWMU antlerless elk harvest, Utah 2021.",EA1124,Antlerless Elk,4,Chimney Rock,9|2|11|11|11|2.0|100.0,"[9, 2, 11, 11, 11, 2.0, 100.0]",4 EA1124 Chimney Rock 9 2 11 11 11 2.0 100.0,11.0,11,11.0,2.0,100.0,9.0,9.0,2.0,MEDIUM,,True,True,True,HUNT_CODE_ROW_EXTRACTED|REQUIRES_SPOT_CHECK_FOR_COMPLEX_PDF_TABLES
2021,2022,21_bg_report.pdf,1553c2f74659f718c8ed0a5c943bed9e29495fb4de6e71794474e9bf03453458,big_game_annual_report,96,"CWMU antlerless elk harvest, Utah 2021.",EA1125,Antlerless Elk,3,Coldwater Ranch,14|0|14|20|17|1.4|83.3,"[14, 0, 14, 20, 17, 1.4, 83.3]",3 EA1125 Coldwater Ranch 14 0 14 20 17 1.4 83.3,14.0,20,17.0,1.4,83.3,14.0,14.0,0.0,MEDIUM,,True,True,True,HUNT_CODE_ROW_EXTRACTED|REQUIRES_SPOT_CHECK_FOR_COMPLEX_PDF_TABLES
2021,2022,21_bg_report.pdf,1553c2f74659f718c8ed0a5c943bed9e29495fb4de6e71794474e9bf03453458,big_game_annual_report,96,"CWMU antlerless elk harvest, Utah 2021.",EA1126,Antlerless Elk,1,Cotton Thomas,—|—|—|5|0|—|—,"[null, null, null, 5, 0, null, null]",1 EA1126 Cotton Thomas — — — 5 0 — —,,5,0.0,,,,,,MEDIUM,,True,True,False,HUNT_CODE_ROW_EXTRACTED|REQUIRES_SPOT_CHECK_FOR_COMPLEX_PDF_TABLES
2021,2022,21_bg_report.pdf,1553c2f74659f718c8ed0a5c943bed9e29495fb4de6e71794474e9bf03453458,big_game_annual_report,96,"CWMU antlerless elk harvest, Utah 2021.",EA1129,Antlerless Elk,4,Deseret,218|35|253|305|296|1.6|85.6,"[218, 35, 253, 305, 296, 1.6, 85.6]",4 EA1129 Deseret 218 35 253 305 296 1.6 85.6,253.0,305,296.0,1.6,85.6,218.0,218.0,35.0,MEDIUM,,True,True,True,HUNT_CODE_ROW_EXTRACTED|REQUIRES_SPOT_CHECK_FOR_COMPLEX_PDF_TABLES
2021,2022,21_bg_report.pdf,1553c2f74659f718c8ed0a5c943bed9e29495fb4de6e71794474e9bf03453458,big_game_annual_report,96,"CWMU antlerless elk harvest, Utah 2021.",EA1130,Antlerless Elk,1,Double Cone,6|0|6|7|7|4.0|80.0,"[6, 0, 6, 7, 7, 4.0, 80.0]",1 EA1130 Double Cone 6 0 6 7 7 4.0 80.0,6.0,7,7.0,4.0,80.0,6.0,6.0,0.0,MEDIUM,,True,True,True,HUNT_CODE_ROW_EXTRACTED|REQUIRES_SPOT_CHECK_FOR_COMPLEX_PDF_TABLES
2021,2022,21_bg_report.pdf,1553c2f74659f718c8ed0a5c943bed9e29495fb4de6e71794474e9bf03453458,big_game_annual_report,96,"CWMU antlerless elk harvest, Utah 2021.",EA1131,Antlerless Elk,4,Durst Mountain,16|1|17|24|22|1.5|78.9,"[16, 1, 17, 24, 22, 1.5, 78.9]",4 EA1131 Durst Mountain 16 1 17 24 22 1.5 78.9,17.0,24,22.0,1.5,78.9,16.0,16.0,1.0,MEDIUM,,True,True,True,HUNT_CODE_ROW_EXTRACTED|REQUIRES_SPOT_CHECK_FOR_COMPLEX_PDF_TABLES
2021,2022,21_bg_report.pdf,1553c2f74659f718c8ed0a5c943bed9e29495fb4de6e71794474e9bf03453458,big_game_annual_report,96,"CWMU antlerless elk harvest, Utah 2021.",EA1132,Antlerless Elk,6,East Fork Chalk Creek,10|0|10|29|27|4.6|35.7,"[10, 0, 10, 29, 27, 4.6, 35.7]",6 EA1132 East Fork Chalk Creek 10 0 10 29 27 4.6 35.7,10.0,29,27.0,4.6,35.7,10.0,10.0,0.0,MEDIUM,,True,True,True,HUNT_CODE_ROW_EXTRACTED|REQUIRES_SPOT_CHECK_FOR_COMPLEX_PDF_TABLES
2021,2022,21_bg_report.pdf,1553c2f74659f718c8ed0a5c943bed9e29495fb4de6e71794474e9bf03453458,big_game_annual_report,96,"CWMU antlerless elk harvest, Utah 2021.",EA1134,Antlerless Elk,6,Ensign Ranches,36|5|41|78|71|2.0|57.1,"[36, 5, 41, 78, 71, 2.0, 57.1]",6 EA1134 Ensign Ranches 36 5 41 78 71 2.0 57.1,41.0,78,71.0,2.0,57.1,36.0,36.0,5.0,MEDIUM,,True,True,True,HUNT_CODE_ROW_EXTRACTED|REQUIRES_SPOT_CHECK_FOR_COMPLEX_PDF_TABLES
2021,2022,21_bg_report.pdf,1553c2f74659f718c8ed0a5c943bed9e29495fb4de6e71794474e9bf03453458,big_game_annual_report,96,"CWMU antlerless elk harvest, Utah 2021.",EA1135,Antlerless Elk,4,Folley Ridge,3|0|3|8|5|1.0|50.0,"[3, 0, 3, 8, 5, 1.0, 50.0]",4 EA1135 Folley Ridge 3 0 3 8 5 1.0 50.0,3.0,8,5.0,1.0,50.0,3.0,3.0,0.0,MEDIUM,,True,True,True,HUNT_CODE_ROW_EXTRACTED|REQUIRES_SPOT_CHECK_FOR_COMPLEX_PDF_TABLES
2021,2022,21_bg_report.pdf,1553c2f74659f718c8ed0a5c943bed9e29495fb4de6e71794474e9bf03453458,big_game_annual_report,96,"CWMU antlerless elk harvest, Utah 2021.",EA1136,Antlerless Elk,6,Grass Valley/Clark Canyon,28|6|34|49|42|1.3|82.1,"[28, 6, 34, 49, 42, 1.3, 82.1]",6 EA1136 Grass Valley/Clark Canyon 28 6 34 49 42 1.3 82.1,34.0,49,42.0,1.3,82.1,28.0,28.0,6.0,MEDIUM,,True,True,True,HUNT_CODE_ROW_EXTRACTED|REQUIRES_SPOT_CHECK_FOR_COMPLEX_PDF_TABLES
2021,2022,21_bg_report.pdf,1553c2f74659f718c8ed0a5c943bed9e29495fb4de6e71794474e9bf03453458,big_game_annual_report,96,"CWMU antlerless elk harvest, Utah 2021.",EA1137,Antlerless Elk,25AB,Grazing Pasture,12|0|12|15|14|3.9|88.9,"[12, 0, 12, 15, 14, 3.9, 88.9]",25AB EA1137 Grazing Pasture 12 0 12 15 14 3.9 88.9,12.0,15,14.0,3.9,88.9,12.0,12.0,0.0,MEDIUM,,True,True,True,HUNT_CODE_ROW_EXTRACTED|REQUIRES_SPOT_CHECK_FOR_COMPLEX_PDF_TABLES
2021,2022,21_bg_report.pdf,1553c2f74659f718c8ed0a5c943bed9e29495fb4de6e71794474e9bf03453458,big_game_annual_report,96,"CWMU antlerless elk harvest, Utah 2021.",EA1138,Antlerless Elk,4,Guildersleeve,7|0|7|7|7|1.2|100.0,"[7, 0, 7, 7, 7, 1.2, 100.0]",4 EA1138 Guildersleeve 7 0 7 7 7 1.2 100.0,7.0,7,7.0,1.2,100.0,7.0,7.0,0.0,MEDIUM,,True,True,True,HUNT_CODE_ROW_EXTRACTED|REQUIRES_SPOT_CHECK_FOR_COMPLEX_PDF_TABLES
2021,2022,21_bg_report.pdf,1553c2f74659f718c8ed0a5c943bed9e29495fb4de6e71794474e9bf03453458,big_game_annual_report,96,"CWMU antlerless elk harvest, Utah 2021.",EA1139,Antlerless Elk,5,Hardscrabble,4|0|4|10|8|3.0|57.1,"[4, 0, 4, 10, 8, 3.0, 57.1]",5 EA1139 Hardscrabble 4 0 4 10 8 3.0 57.1,4.0,10,8.0,3.0,57.1,4.0,4.0,0.0,MEDIUM,,True,True,True,HUNT_CODE_ROW_EXTRACTED|REQUIRES_SPOT_CHECK_FOR_COMPLEX_PDF_TABLES
2021,2022,21_bg_report.pdf,1553c2f74659f718c8ed0a5c943bed9e29495fb4de6e71794474e9bf03453458,big_game_annual_report,96,"CWMU antlerless elk harvest, Utah 2021.",EA1140,Antlerless Elk,18,Heaston East,10|0|10|10|10|2.3|100.0,"[10, 0, 10, 10, 10, 2.3, 100.0]",18 EA1140 Heaston East 10 0 10 10 10 2.3 100.0,10.0,10,10.0,2.3,100.0,10.0,10.0,0.0,MEDIUM,,True,True,True,HUNT_CODE_ROW_EXTRACTED|REQUIRES_SPOT_CHECK_FOR_COMPLEX_PDF_TABLES
2021,2022,21_bg_report.pdf,1553c2f74659f718c8ed0a5c943bed9e29495fb4de6e71794474e9bf03453458,big_game_annual_report,96,"CWMU antlerless elk harvest, Utah 2021.",EA1141,Antlerless Elk,16B,Hiawatha,10|0|10|15|15|2.0|66.7,"[10, 0, 10, 15, 15, 2.0, 66.7]",16B EA1141 Hiawatha 10 0 10 15 15 2.0 66.7,10.0,15,15.0,2.0,66.7,10.0,10.0,0.0,MEDIUM,,True,True,True,HUNT_CODE_ROW_EXTRACTED|REQUIRES_SPOT_CHECK_FOR_COMPLEX_PDF_TABLES
2021,2022,21_bg_report.pdf,1553c2f74659f718c8ed0a5c943bed9e29495fb4de6e71794474e9bf03453458,big_game_annual_report,96,"CWMU antlerless elk harvest, Utah 2021.",EA1142,Antlerless Elk,17,Indian Head,6|0|6|7|7|3.4|80.0,"[6, 0, 6, 7, 7, 3.4, 80.0]",17 EA1142 Indian Head 6 0 6 7 7 3.4 80.0,6.0,7,7.0,3.4,80.0,6.0,6.0,0.0,MEDIUM,,True,True,True,HUNT_CODE_ROW_EXTRACTED|REQUIRES_SPOT_CHECK_FOR_COMPLEX_PDF_TABLES
2021,2022,21_bg_report.pdf,1553c2f74659f718c8ed0a5c943bed9e29495fb4de6e71794474e9bf03453458,big_game_annual_report,96,"CWMU antlerless elk harvest, Utah 2021.",EA1143,Antlerless Elk,13A,J. B. Ranch,27|4|31|33|33|1.9|92.6,"[27, 4, 31, 33, 33, 1.9, 92.6]",13A EA1143 J. B. Ranch 27 4 31 33 33 1.9 92.6,31.0,33,33.0,1.9,92.6,27.0,27.0,4.0,MEDIUM,,True,True,True,HUNT_CODE_ROW_EXTRACTED|REQUIRES_SPOT_CHECK_FOR_COMPLEX_PDF_TABLES
2021,2022,21_bg_report.pdf,1553c2f74659f718c8ed0a5c943bed9e29495fb4de6e71794474e9bf03453458,big_game_annual_report,96,"CWMU antlerless elk harvest, Utah 2021.",EA1145,Antlerless Elk,25AB,Johnson Mountain Ranch,15|4|19|21|21|1.4|88.2,"[15, 4, 19, 21, 21, 1.4, 88.2]",25AB EA1145 Johnson Mountain Ranch 15 4 19 21 21 1.4 88.2,19.0,21,21.0,1.4,88.2,15.0,15.0,4.0,MEDIUM,,True,True,True,HUNT_CODE_ROW_EXTRACTED|REQUIRES_SPOT_CHECK_FOR_COMPLEX_PDF_TABLES
2021,2022,21_bg_report.pdf,1553c2f74659f718c8ed0a5c943bed9e29495fb4de6e71794474e9bf03453458,big_game_annual_report,96,"CWMU antlerless elk harvest, Utah 2021.",EA1146,Antlerless Elk,16B,Jump Creek,10|1|11|15|15|2.8|75.0,"[10, 1, 11, 15, 15, 2.8, 75.0]",16B EA1146 Jump Creek 10 1 11 15 15 2.8 75.0,11.0,15,15.0,2.8,75.0,10.0,10.0,1.0,MEDIUM,,True,True,True,HUNT_CODE_ROW_EXTRACTED|REQUIRES_SPOT_CHECK_FOR_COMPLEX_PDF_TABLES
2021,2022,21_bg_report.pdf,1553c2f74659f718c8ed0a5c943bed9e29495fb4de6e71794474e9bf03453458,big_game_annual_report,96,"CWMU antlerless elk harvest, Utah 2021.",EA1147,Antlerless Elk,17,Little Red Creek,11|1|12|20|19|2.1|62.5,"[11, 1, 12, 20, 19, 2.1, 62.5]",17 EA1147 Little Red Creek 11 1 12 20 19 2.1 62.5,12.0,20,19.0,2.1,62.5,11.0,11.0,1.0,MEDIUM,,True,True,True,HUNT_CODE_ROW_EXTRACTED|REQUIRES_SPOT_CHECK_FOR_COMPLEX_PDF_TABLES
2021,2022,21_bg_report.pdf,1553c2f74659f718c8ed0a5c943bed9e29495fb4de6e71794474e9bf03453458,big_game_annual_report,96,"CWMU antlerless elk harvest, Utah 2021.",EA1149,Antlerless Elk,11B,Minnie Maud Ridge,2|2|4|8|4|4.5|100.0,"[2, 2, 4, 8, 4, 4.5, 100.0]",11B EA1149 Minnie Maud Ridge 2 2 4 8 4 4.5 100.0,4.0,8,4.0,4.5,100.0,2.0,2.0,2.0,MEDIUM,,True,True,True,HUNT_CODE_ROW_EXTRACTED|REQUIRES_SPOT_CHECK_FOR_COMPLEX_PDF_TABLES
2021,2022,21_bg_report.pdf,1553c2f74659f718c8ed0a5c943bed9e29495fb4de6e71794474e9bf03453458,big_game_annual_report,96,"CWMU antlerless elk harvest, Utah 2021.",EA1151,Antlerless Elk,17,Moon Ranch,2|0|2|7|7|2.3|33.3,"[2, 0, 2, 7, 7, 2.3, 33.3]",17 EA1151 Moon Ranch 2 0 2 7 7 2.3 33.3,2.0,7,7.0,2.3,33.3,2.0,2.0,0.0,MEDIUM,,True,True,True,HUNT_CODE_ROW_EXTRACTED|REQUIRES_SPOT_CHECK_FOR_COMPLEX_PDF_TABLES
2021,2022,21_bg_report.pdf,1553c2f74659f718c8ed0a5c943bed9e29495fb4de6e71794474e9bf03453458,big_game_annual_report,96,"CWMU antlerless elk harvest, Utah 2021.",EA1201,Antlerless Elk,16A,Mountain Sky Ranch,2|0|2|3|3|2.7|66.7,"[2, 0, 2, 3, 3, 2.7, 66.7]",16A EA1201 Mountain Sky Ranch 2 0 2 3 3 2.7 66.7,2.0,3,3.0,2.7,66.7,2.0,2.0,0.0,MEDIUM,,True,True,True,HUNT_CODE_ROW_EXTRACTED|REQUIRES_SPOT_CHECK_FOR_COMPLEX_PDF_TABLES
2021,2022,21_bg_report.pdf,1553c2f74659f718c8ed0a5c943bed9e29495fb4de6e71794474e9bf03453458,big_game_annual_report,96,"CWMU antlerless elk harvest, Utah 2021.",EA1153,Antlerless Elk,16B,Old Woman Plateau,3|0|3|4|4|2.0|66.7,"[3, 0, 3, 4, 4, 2.0, 66.7]",16B EA1153 Old Woman Plateau 3 0 3 4 4 2.0 66.7,3.0,4,4.0,2.0,66.7,3.0,3.0,0.0,MEDIUM,,True,True,True,HUNT_CODE_ROW_EXTRACTED|REQUIRES_SPOT_CHECK_FOR_COMPLEX_PDF_TABLES
2021,2022,21_bg_report.pdf,1553c2f74659f718c8ed0a5c943bed9e29495fb4de6e71794474e9bf03453458,big_game_annual_report,96,"CWMU antlerless elk harvest, Utah 2021.",EA1192,Antlerless Elk,21B,Pahvant Ensign,8|4|12|20|20|1.6|60.0,"[8, 4, 12, 20, 20, 1.6, 60.0]",21B EA1192 Pahvant Ensign 8 4 12 20 20 1.6 60.0,12.0,20,20.0,1.6,60.0,8.0,8.0,4.0,MEDIUM,,True,True,True,HUNT_CODE_ROW_EXTRACTED|REQUIRES_SPOT_CHECK_FOR_COMPLEX_PDF_TABLES
2021,2022,21_bg_report.pdf,1553c2f74659f718c8ed0a5c943bed9e29495fb4de6e71794474e9bf03453458,big_game_annual_report,96,"CWMU antlerless elk harvest, Utah 2021.",EA1155,Antlerless Elk,3,Powder Mountain,—|—|—|2|0|—|—,"[null, null, null, 2, 0, null, null]",3 EA1155 Powder Mountain — — — 2 0 — —,,2,0.0,,,,,,MEDIUM,,True,True,False,HUNT_CODE_ROW_EXTRACTED|REQUIRES_SPOT_CHECK_FOR_COMPLEX_PDF_TABLES
2021,2022,21_bg_report.pdf,1553c2f74659f718c8ed0a5c943bed9e29495fb4de6e71794474e9bf03453458,big_game_annual_report,96,"CWMU antlerless elk harvest, Utah 2021.",EA1156,Antlerless Elk,11B,Preston Nutter Ranch,5|0|5|5|5|1.3|100.0,"[5, 0, 5, 5, 5, 1.3, 100.0]",11B EA1156 Preston Nutter Ranch 5 0 5 5 5 1.3 100.0,5.0,5,5.0,1.3,100.0,5.0,5.0,0.0,MEDIUM,,True,True,True,HUNT_CODE_ROW_EXTRACTED|REQUIRES_SPOT_CHECK_FOR_COMPLEX_PDF_TABLES
2021,2022,21_bg_report.pdf,1553c2f74659f718c8ed0a5c943bed9e29495fb4de6e71794474e9bf03453458,big_game_annual_report,96,"CWMU antlerless elk harvest, Utah 2021.",EA1157,Antlerless Elk,13A,Redd Ranches,16|0|16|30|29|3.2|55.0,"[16, 0, 16, 30, 29, 3.2, 55.0]",13A EA1157 Redd Ranches 16 0 16 30 29 3.2 55.0,16.0,30,29.0,3.2,55.0,16.0,16.0,0.0,MEDIUM,,True,True,True,HUNT_CODE_ROW_EXTRACTED|REQUIRES_SPOT_CHECK_FOR_COMPLEX_PDF_TABLES
2021,2022,21_bg_report.pdf,1553c2f74659f718c8ed0a5c943bed9e29495fb4de6e71794474e9bf03453458,big_game_annual_report,96,"CWMU antlerless elk harvest, Utah 2021.",EA1158,Antlerless Elk,1,Riverview Ranch LLC,6|1|7|10|7|2.0|100.0,"[6, 1, 7, 10, 7, 2.0, 100.0]",1 EA1158 Riverview Ranch LLC 6 1 7 10 7 2.0 100.0,7.0,10,7.0,2.0,100.0,6.0,6.0,1.0,MEDIUM,,True,True,True,HUNT_CODE_ROW_EXTRACTED|REQUIRES_SPOT_CHECK_FOR_COMPLEX_PDF_TABLES
2021,2022,21_bg_report.pdf,1553c2f74659f718c8ed0a5c943bed9e29495fb4de6e71794474e9bf03453458,big_game_annual_report,96,"CWMU antlerless elk harvest, Utah 2021.",EA1159,Antlerless Elk,11B,Roan Cliffs,1|0|1|4|4|1.0|33.3,"[1, 0, 1, 4, 4, 1.0, 33.3]",11B EA1159 Roan Cliffs 1 0 1 4 4 1.0 33.3,1.0,4,4.0,1.0,33.3,1.0,1.0,0.0,MEDIUM,,True,True,True,HUNT_CODE_ROW_EXTRACTED|REQUIRES_SPOT_CHECK_FOR_COMPLEX_PDF_TABLES
2021,2022,21_bg_report.pdf,1553c2f74659f718c8ed0a5c943bed9e29495fb4de6e71794474e9bf03453458,big_game_annual_report,96,"CWMU antlerless elk harvest, Utah 2021.",EA1234,Antlerless Elk,8AB,Royal Ivory Outfitters,8|1|9|17|14|1.7|66.7,"[8, 1, 9, 17, 14, 1.7, 66.7]",8AB EA1234 Royal Ivory Outfitters 8 1 9 17 14 1.7 66.7,9.0,17,14.0,1.7,66.7,8.0,8.0,1.0,MEDIUM,,True,True,True,HUNT_CODE_ROW_EXTRACTED|REQUIRES_SPOT_CHECK_FOR_COMPLEX_PDF_TABLES
2021,2022,21_bg_report.pdf,1553c2f74659f718c8ed0a5c943bed9e29495fb4de6e71794474e9bf03453458,big_game_annual_report,97,"CWMU antlerless elk harvest, Utah 2021 (continued).",EA1160,Antlerless Elk,17,Sand Creek,6|0|6|6|6|2.3|100.0,"[6, 0, 6, 6, 6, 2.3, 100.0]",17 EA1160 Sand Creek 6 0 6 6 6 2.3 100.0,6.0,6,6.0,2.3,100.0,6.0,6.0,0.0,MEDIUM,,True,True,True,HUNT_CODE_ROW_EXTRACTED|REQUIRES_SPOT_CHECK_FOR_COMPLEX_PDF_TABLES
2021,2022,21_bg_report.pdf,1553c2f74659f718c8ed0a5c943bed9e29495fb4de6e71794474e9bf03453458,big_game_annual_report,97,"CWMU antlerless elk harvest, Utah 2021 (continued).",EA1161,Antlerless Elk,16B,Scofield Canyons,4|0|4|11|9|1.5|50.0,"[4, 0, 4, 11, 9, 1.5, 50.0]",16B EA1161 Scofield Canyons 4 0 4 11 9 1.5 50.0,4.0,11,9.0,1.5,50.0,4.0,4.0,0.0,MEDIUM,,True,True,True,HUNT_CODE_ROW_EXTRACTED|REQUIRES_SPOT_CHECK_FOR_COMPLEX_PDF_TABLES
2021,2022,21_bg_report.pdf,1553c2f74659f718c8ed0a5c943bed9e29495fb4de6e71794474e9bf03453458,big_game_annual_report,97,"CWMU antlerless elk harvest, Utah 2021 (continued).",EA1162,Antlerless Elk,16B,Scofield East,5|0|5|10|10|3.0|50.0,"[5, 0, 5, 10, 10, 3.0, 50.0]",16B EA1162 Scofield East 5 0 5 10 10 3.0 50.0,5.0,10,10.0,3.0,50.0,5.0,5.0,0.0,MEDIUM,,True,True,True,HUNT_CODE_ROW_EXTRACTED|REQUIRES_SPOT_CHECK_FOR_COMPLEX_PDF_TABLES
2021,2022,21_bg_report.pdf,1553c2f74659f718c8ed0a5c943bed9e29495fb4de6e71794474e9bf03453458,big_game_annual_report,97,"CWMU antlerless elk harvest, Utah 2021 (continued).",EA1163,Antlerless Elk,16B,Scofield West,11|0|11|38|32|4.0|35.3,"[11, 0, 11, 38, 32, 4.0, 35.3]",16B EA1163 Scofield West 11 0 11 38 32 4.0 35.3,11.0,38,32.0,4.0,35.3,11.0,11.0,0.0,MEDIUM,,True,True,True,HUNT_CODE_ROW_EXTRACTED|REQUIRES_SPOT_CHECK_FOR_COMPLEX_PDF_TABLES
2021,2022,21_bg_report.pdf,1553c2f74659f718c8ed0a5c943bed9e29495fb4de6e71794474e9bf03453458,big_game_annual_report,97,"CWMU antlerless elk harvest, Utah 2021 (continued).",EA1235,Antlerless Elk,3,Sharp Mountain,0|0|0|5|5|2.0|0.0,"[0, 0, 0, 5, 5, 2.0, 0.0]",3 EA1235 Sharp Mountain 0 0 0 5 5 2.0 0.0,0.0,5,5.0,2.0,0.0,0.0,0.0,0.0,MEDIUM,,True,True,True,HUNT_CODE_ROW_EXTRACTED|REQUIRES_SPOT_CHECK_FOR_COMPLEX_PDF_TABLES
2021,2022,21_bg_report.pdf,1553c2f74659f718c8ed0a5c943bed9e29495fb4de6e71794474e9bf03453458,big_game_annual_report,97,"CWMU antlerless elk harvest, Utah 2021 (continued).",EA1164,Antlerless Elk,2,SJ Ranch,2|0|2|6|6|2.3|25.0,"[2, 0, 2, 6, 6, 2.3, 25.0]",2 EA1164 SJ Ranch 2 0 2 6 6 2.3 25.0,2.0,6,6.0,2.3,25.0,2.0,2.0,0.0,MEDIUM,,True,True,True,HUNT_CODE_ROW_EXTRACTED|REQUIRES_SPOT_CHECK_FOR_COMPLEX_PDF_TABLES
2021,2022,21_bg_report.pdf,1553c2f74659f718c8ed0a5c943bed9e29495fb4de6e71794474e9bf03453458,big_game_annual_report,97,"CWMU antlerless elk harvest, Utah 2021 (continued).",EA1165,Antlerless Elk,4,Skull Crack,14|0|14|15|14|1.1|100.0,"[14, 0, 14, 15, 14, 1.1, 100.0]",4 EA1165 Skull Crack 14 0 14 15 14 1.1 100.0,14.0,15,14.0,1.1,100.0,14.0,14.0,0.0,MEDIUM,,True,True,True,HUNT_CODE_ROW_EXTRACTED|REQUIRES_SPOT_CHECK_FOR_COMPLEX_PDF_TABLES
2021,2022,21_bg_report.pdf,1553c2f74659f718c8ed0a5c943bed9e29495fb4de6e71794474e9bf03453458,big_game_annual_report,97,"CWMU antlerless elk harvest, Utah 2021 (continued).",EA1166,Antlerless Elk,16B,Soldier Summit,11|0|11|11|11|1.8|100.0,"[11, 0, 11, 11, 11, 1.8, 100.0]",16B EA1166 Soldier Summit 11 0 11 11 11 1.8 100.0,11.0,11,11.0,1.8,100.0,11.0,11.0,0.0,MEDIUM,,True,True,True,HUNT_CODE_ROW_EXTRACTED|REQUIRES_SPOT_CHECK_FOR_COMPLEX_PDF_TABLES
2021,2022,21_bg_report.pdf,1553c2f74659f718c8ed0a5c943bed9e29495fb4de6e71794474e9bf03453458,big_game_annual_report,97,"CWMU antlerless elk harvest, Utah 2021 (continued).",EA1167,Antlerless Elk,3,South Canyon,3|2|5|9|9|1.9|50.0,"[3, 2, 5, 9, 9, 1.9, 50.0]",3 EA1167 South Canyon 3 2 5 9 9 1.9 50.0,5.0,9,9.0,1.9,50.0,3.0,3.0,2.0,MEDIUM,,True,True,True,HUNT_CODE_ROW_EXTRACTED|REQUIRES_SPOT_CHECK_FOR_COMPLEX_PDF_TABLES
2021,2022,21_bg_report.pdf,1553c2f74659f718c8ed0a5c943bed9e29495fb4de6e71794474e9bf03453458,big_game_annual_report,97,"CWMU antlerless elk harvest, Utah 2021 (continued).",EA1168,Antlerless Elk,14,Spring Creek/Dodge,7|0|7|19|17|4.0|40.0,"[7, 0, 7, 19, 17, 4.0, 40.0]",14 EA1168 Spring Creek/Dodge 7 0 7 19 17 4.0 40.0,7.0,19,17.0,4.0,40.0,7.0,7.0,0.0,MEDIUM,,True,True,True,HUNT_CODE_ROW_EXTRACTED|REQUIRES_SPOT_CHECK_FOR_COMPLEX_PDF_TABLES
2021,2022,21_bg_report.pdf,1553c2f74659f718c8ed0a5c943bed9e29495fb4de6e71794474e9bf03453458,big_game_annual_report,97,"CWMU antlerless elk harvest, Utah 2021 (continued).",EA1170,Antlerless Elk,2,Strawberry Ridge,5|0|5|10|10|1.5|50.0,"[5, 0, 5, 10, 10, 1.5, 50.0]",2 EA1170 Strawberry Ridge 5 0 5 10 10 1.5 50.0,5.0,10,10.0,1.5,50.0,5.0,5.0,0.0,MEDIUM,,True,True,True,HUNT_CODE_ROW_EXTRACTED|REQUIRES_SPOT_CHECK_FOR_COMPLEX_PDF_TABLES
2021,2022,21_bg_report.pdf,1553c2f74659f718c8ed0a5c943bed9e29495fb4de6e71794474e9bf03453458,big_game_annual_report,97,"CWMU antlerless elk harvest, Utah 2021 (continued).",EA1172,Antlerless Elk,17,Three C,11|0|11|18|16|2.8|66.7,"[11, 0, 11, 18, 16, 2.8, 66.7]",17 EA1172 Three C 11 0 11 18 16 2.8 66.7,11.0,18,16.0,2.8,66.7,11.0,11.0,0.0,MEDIUM,,True,True,True,HUNT_CODE_ROW_EXTRACTED|REQUIRES_SPOT_CHECK_FOR_COMPLEX_PDF_TABLES
2021,2022,21_bg_report.pdf,1553c2f74659f718c8ed0a5c943bed9e29495fb4de6e71794474e9bf03453458,big_game_annual_report,97,"CWMU antlerless elk harvest, Utah 2021 (continued).",EA1174,Antlerless Elk,6,Two Bear,34|0|34|38|38|1.5|88.9,"[34, 0, 34, 38, 38, 1.5, 88.9]",6 EA1174 Two Bear 34 0 34 38 38 1.5 88.9,34.0,38,38.0,1.5,88.9,34.0,34.0,0.0,MEDIUM,,True,True,True,HUNT_CODE_ROW_EXTRACTED|REQUIRES_SPOT_CHECK_FOR_COMPLEX_PDF_TABLES
2021,2022,21_bg_report.pdf,1553c2f74659f718c8ed0a5c943bed9e29495fb4de6e71794474e9bf03453458,big_game_annual_report,97,"CWMU antlerless elk harvest, Utah 2021 (continued).",EA1175,Antlerless Elk,17,Wallsburg,3|0|3|8|5|2.0|50.0,"[3, 0, 3, 8, 5, 2.0, 50.0]",17 EA1175 Wallsburg 3 0 3 8 5 2.0 50.0,3.0,8,5.0,2.0,50.0,3.0,3.0,0.0,MEDIUM,,True,True,True,HUNT_CODE_ROW_EXTRACTED|REQUIRES_SPOT_CHECK_FOR_COMPLEX_PDF_TABLES
2021,2022,21_bg_report.pdf,1553c2f74659f718c8ed0a5c943bed9e29495fb4de6e71794474e9bf03453458,big_game_annual_report,97,"CWMU antlerless elk harvest, Utah 2021 (continued).",EA1176,Antlerless Elk,6,Weber Florence Creek,26|3|29|50|45|3.2|65.4,"[26, 3, 29, 50, 45, 3.2, 65.4]",6 EA1176 Weber Florence Creek 26 3 29 50 45 3.2 65.4,29.0,50,45.0,3.2,65.4,26.0,26.0,3.0,MEDIUM,,True,True,True,HUNT_CODE_ROW_EXTRACTED|REQUIRES_SPOT_CHECK_FOR_COMPLEX_PDF_TABLES
