model_version,rule_version,year,forecast_year,hunt_code,hunt_name,species,sex_type,hunt_type,hunt_class,residency,points,draw_pool,public_permits_2025,public_permits_2026,max_point_permits_2025,max_point_permits_2026,random_permits_2025,random_permits_2026,guaranteed_at_2025,guaranteed_at_2026,applicants_above,applicants_at_level,p_preference_draw,p_bonus_pool,p_random_pool,p_draw,p_bonus_pool_pct,p_random_pool_pct,p_draw_pct,random_draw_odds_2026,gap,delta_gap,status,trend,draw_outlook,source_years_used,source_year_count,latest_source_year,earliest_source_year,source_dataset,model_strategy,preference_model_valid,preference_model_note,weapon,draw_system_type,algorithm_status,target_scope,modeled_by_engine,reason
hybrid_ml_v2.1.0,utah_preference_dedicated_hunter_deer_v1.0.0,2026,2026,DB1770,Box Elder,Deer,Buck,General Season,Dedicated Hunter,Nonresident,0,dedicated_hunter,1,16,,,,,0,0,0,1,1.000000,,,1.000000,,,100.000,,0,0,ABOVE CUTOFF,YELLOW,GREEN LIGHT,"2022,2025",2,2025,2022,predictive,preference_dedicated_hunter_deer,TRUE,Forecasted from 2025 dedicated hunter ladder with residency quota split and preference carry-forward.,Dedicated Hunter,PREFERENCE_DEDICATED_HUNTER_DEER,MODELED_PREFERENCE,TARGET,True,Modeled by engine.utah_draw_predictive.dedicated_hunter.
hybrid_ml_v2.1.0,utah_preference_dedicated_hunter_deer_v1.0.0,2026,2026,DB1770,Box Elder,Deer,Buck,General Season,Dedicated Hunter,Resident,0,dedicated_hunter,43,672,,,,,3,0,2,46,1.000000,,,1.000000,,,100.000,,0,-3,ABOVE CUTOFF,RED,GREEN LIGHT,"2022,2023,2025",3,2025,2022,predictive,preference_dedicated_hunter_deer,TRUE,Forecasted from 2025 dedicated hunter ladder with residency quota split and preference carry-forward.,Dedicated Hunter,PREFERENCE_DEDICATED_HUNTER_DEER,MODELED_PREFERENCE,TARGET,True,Modeled by engine.utah_draw_predictive.dedicated_hunter.
hybrid_ml_v2.1.0,utah_preference_dedicated_hunter_deer_v1.0.0,2026,2026,DB1770,Box Elder,Deer,Buck,General Season,Dedicated Hunter,Resident,1,dedicated_hunter,43,672,,,,,3,0,0,2,1.000000,,,1.000000,,,100.000,,-1,-3,ABOVE CUTOFF,RED,GREEN LIGHT,"2022,2023,2025",3,2025,2022,predictive,preference_dedicated_hunter_deer,TRUE,Forecasted from 2025 dedicated hunter ladder with residency quota split and preference carry-forward.,Dedicated Hunter,PREFERENCE_DEDICATED_HUNTER_DEER,MODELED_PREFERENCE,TARGET,True,Modeled by engine.utah_draw_predictive.dedicated_hunter.
hybrid_ml_v2.1.0,utah_preference_dedicated_hunter_deer_v1.0.0,2026,2026,DB1771,Cache,Deer,Buck,General Season,Dedicated Hunter,Nonresident,0,dedicated_hunter,1,4,,,,,0,0,0,1,1.000000,,,1.000000,,,100.000,,0,0,ABOVE CUTOFF,YELLOW,GREEN LIGHT,"2022,2023,2025",3,2025,2022,predictive,preference_dedicated_hunter_deer,TRUE,Forecasted from 2025 dedicated hunter ladder with residency quota split and preference carry-forward.,Dedicated Hunter,PREFERENCE_DEDICATED_HUNTER_DEER,MODELED_PREFERENCE,TARGET,True,Modeled by engine.utah_draw_predictive.dedicated_hunter.
hybrid_ml_v2.1.0,utah_preference_dedicated_hunter_deer_v1.0.0,2026,2026,DB1771,Cache,Deer,Buck,General Season,Dedicated Hunter,Resident,0,dedicated_hunter,138,584,,,,,1,0,3,112,1.000000,,,1.000000,,,100.000,,0,-1,ABOVE CUTOFF,RED,GREEN LIGHT,"2022,2023,2025",3,2025,2022,predictive,preference_dedicated_hunter_deer,TRUE,Forecasted from 2025 dedicated hunter ladder with residency quota split and preference carry-forward.,Dedicated Hunter,PREFERENCE_DEDICATED_HUNTER_DEER,MODELED_PREFERENCE,TARGET,True,Modeled by engine.utah_draw_predictive.dedicated_hunter.
hybrid_ml_v2.1.0,utah_preference_dedicated_hunter_deer_v1.0.0,2026,2026,DB1771,Cache,Deer,Buck,General Season,Dedicated Hunter,Resident,1,dedicated_hunter,138,584,,,,,1,0,0,3,1.000000,,,1.000000,,,100.000,,-1,-1,ABOVE CUTOFF,RED,GREEN LIGHT,"2022,2023,2025",3,2025,2022,predictive,preference_dedicated_hunter_deer,TRUE,Forecasted from 2025 dedicated hunter ladder with residency quota split and preference carry-forward.,Dedicated Hunter,PREFERENCE_DEDICATED_HUNTER_DEER,MODELED_PREFERENCE,TARGET,True,Modeled by engine.utah_draw_predictive.dedicated_hunter.
hybrid_ml_v2.1.0,utah_preference_dedicated_hunter_deer_v1.0.0,2026,2026,DB1772,Manti/San Rafael,Deer,Buck,General Season,Dedicated Hunter,Nonresident,0,dedicated_hunter,8,11,,,,,0,0,0,7,1.000000,,,1.000000,,,100.000,,0,0,ABOVE CUTOFF,YELLOW,GREEN LIGHT,"2022,2023,2025",3,2025,2022,predictive,preference_dedicated_hunter_deer,TRUE,Forecasted from 2025 dedicated hunter ladder with residency quota split and preference carry-forward.,Dedicated Hunter,PREFERENCE_DEDICATED_HUNTER_DEER,MODELED_PREFERENCE,TARGET,True,Modeled by engine.utah_draw_predictive.dedicated_hunter.
hybrid_ml_v2.1.0,utah_preference_dedicated_hunter_deer_v1.0.0,2026,2026,DB1772,Manti/San Rafael,Deer,Buck,General Season,Dedicated Hunter,Resident,0,dedicated_hunter,406,562,,,,,2,1,393,387,0.436693,,,0.436693,,,43.669,,1,-1,ON EDGE,RED,MAY DRAW IN 5-10 YEARS,"2022,2023,2025",3,2025,2022,predictive,preference_dedicated_hunter_deer,TRUE,Forecasted from 2025 dedicated hunter ladder with residency quota split and preference carry-forward.,Dedicated Hunter,PREFERENCE_DEDICATED_HUNTER_DEER,MODELED_PREFERENCE,TARGET,True,Modeled by engine.utah_draw_predictive.dedicated_hunter.
hybrid_ml_v2.1.0,utah_preference_dedicated_hunter_deer_v1.0.0,2026,2026,DB1772,Manti/San Rafael,Deer,Buck,General Season,Dedicated Hunter,Resident,1,dedicated_hunter,406,562,,,,,2,1,58,335,1.000000,,,1.000000,,,100.000,,0,-1,ABOVE CUTOFF,RED,GREEN LIGHT,"2022,2023,2025",3,2025,2022,predictive,preference_dedicated_hunter_deer,TRUE,Forecasted from 2025 dedicated hunter ladder with residency quota split and preference carry-forward.,Dedicated Hunter,PREFERENCE_DEDICATED_HUNTER_DEER,MODELED_PREFERENCE,TARGET,True,Modeled by engine.utah_draw_predictive.dedicated_hunter.
hybrid_ml_v2.1.0,utah_preference_dedicated_hunter_deer_v1.0.0,2026,2026,DB1772,Manti/San Rafael,Deer,Buck,General Season,Dedicated Hunter,Resident,2,dedicated_hunter,406,562,,,,,2,1,7,51,1.000000,,,1.000000,,,100.000,,-1,-1,ABOVE CUTOFF,RED,GREEN LIGHT,"2022,2023,2025",3,2025,2022,predictive,preference_dedicated_hunter_deer,TRUE,Forecasted from 2025 dedicated hunter ladder with residency quota split and preference carry-forward.,Dedicated Hunter,PREFERENCE_DEDICATED_HUNTER_DEER,MODELED_PREFERENCE,TARGET,True,Modeled by engine.utah_draw_predictive.dedicated_hunter.
hybrid_ml_v2.1.0,utah_preference_dedicated_hunter_deer_v1.0.0,2026,2026,DB1772,Manti/San Rafael,Deer,Buck,General Season,Dedicated Hunter,Resident,3,dedicated_hunter,406,562,,,,,2,1,1,6,1.000000,,,1.000000,,,100.000,,-2,-1,ABOVE CUTOFF,RED,GREEN LIGHT,"2022,2023,2025",3,2025,2022,predictive,preference_dedicated_hunter_deer,TRUE,Forecasted from 2025 dedicated hunter ladder with residency quota split and preference carry-forward.,Dedicated Hunter,PREFERENCE_DEDICATED_HUNTER_DEER,MODELED_PREFERENCE,TARGET,True,Modeled by engine.utah_draw_predictive.dedicated_hunter.
hybrid_ml_v2.1.0,utah_preference_dedicated_hunter_deer_v1.0.0,2026,2026,DB1772,Manti/San Rafael,Deer,Buck,General Season,Dedicated Hunter,Resident,4,dedicated_hunter,406,562,,,,,2,1,0,1,1.000000,,,1.000000,,,100.000,,-3,-1,ABOVE CUTOFF,RED,GREEN LIGHT,"2022,2023,2025",3,2025,2022,predictive,preference_dedicated_hunter_deer,TRUE,Forecasted from 2025 dedicated hunter ladder with residency quota split and preference carry-forward.,Dedicated Hunter,PREFERENCE_DEDICATED_HUNTER_DEER,MODELED_PREFERENCE,TARGET,True,Modeled by engine.utah_draw_predictive.dedicated_hunter.
hybrid_ml_v2.1.0,utah_preference_dedicated_hunter_deer_v1.0.0,2026,2026,DB1773,Nebo,Deer,Buck,General Season,Dedicated Hunter,Resident,0,dedicated_hunter,170,343,,,,,1,0,7,147,1.000000,,,1.000000,,,100.000,,0,-1,ABOVE CUTOFF,RED,GREEN LIGHT,"2022,2023,2025",3,2025,2022,predictive,preference_dedicated_hunter_deer,TRUE,Forecasted from 2025 dedicated hunter ladder with residency quota split and preference carry-forward.,Dedicated Hunter,PREFERENCE_DEDICATED_HUNTER_DEER,MODELED_PREFERENCE,TARGET,True,Modeled by engine.utah_draw_predictive.dedicated_hunter.
hybrid_ml_v2.1.0,utah_preference_dedicated_hunter_deer_v1.0.0,2026,2026,DB1773,Nebo,Deer,Buck,General Season,Dedicated Hunter,Resident,1,dedicated_hunter,170,343,,,,,1,0,1,6,1.000000,,,1.000000,,,100.000,,-1,-1,ABOVE CUTOFF,RED,GREEN LIGHT,"2022,2023,2025",3,2025,2022,predictive,preference_dedicated_hunter_deer,TRUE,Forecasted from 2025 dedicated hunter ladder with residency quota split and preference carry-forward.,Dedicated Hunter,PREFERENCE_DEDICATED_HUNTER_DEER,MODELED_PREFERENCE,TARGET,True,Modeled by engine.utah_draw_predictive.dedicated_hunter.
hybrid_ml_v2.1.0,utah_preference_dedicated_hunter_deer_v1.0.0,2026,2026,DB1773,Nebo,Deer,Buck,General Season,Dedicated Hunter,Resident,2,dedicated_hunter,170,343,,,,,1,0,0,1,1.000000,,,1.000000,,,100.000,,-2,-1,ABOVE CUTOFF,RED,GREEN LIGHT,"2022,2023,2025",3,2025,2022,predictive,preference_dedicated_hunter_deer,TRUE,Forecasted from 2025 dedicated hunter ladder with residency quota split and preference carry-forward.,Dedicated Hunter,PREFERENCE_DEDICATED_HUNTER_DEER,MODELED_PREFERENCE,TARGET,True,Modeled by engine.utah_draw_predictive.dedicated_hunter.
hybrid_ml_v2.1.0,utah_preference_dedicated_hunter_deer_v1.0.0,2026,2026,DB1775,Fillmore,Deer,Buck,General Season,Dedicated Hunter,Nonresident,0,dedicated_hunter,14,4,,,,,1,1,1,14,0.214286,,,0.214286,,,21.429,,1,0,ON EDGE,YELLOW,RANDOM POOL RELIANCE,"2022,2023,2025",3,2025,2022,predictive,preference_dedicated_hunter_deer,TRUE,Forecasted from 2025 dedicated hunter ladder with residency quota split and preference carry-forward.,Dedicated Hunter,PREFERENCE_DEDICATED_HUNTER_DEER,MODELED_PREFERENCE,TARGET,True,Modeled by engine.utah_draw_predictive.dedicated_hunter.
hybrid_ml_v2.1.0,utah_preference_dedicated_hunter_deer_v1.0.0,2026,2026,DB1775,Fillmore,Deer,Buck,General Season,Dedicated Hunter,Nonresident,1,dedicated_hunter,14,4,,,,,1,1,0,1,1.000000,,,1.000000,,,100.000,,0,0,ABOVE CUTOFF,YELLOW,GREEN LIGHT,"2022,2023,2025",3,2025,2022,predictive,preference_dedicated_hunter_deer,TRUE,Forecasted from 2025 dedicated hunter ladder with residency quota split and preference carry-forward.,Dedicated Hunter,PREFERENCE_DEDICATED_HUNTER_DEER,MODELED_PREFERENCE,TARGET,True,Modeled by engine.utah_draw_predictive.dedicated_hunter.
hybrid_ml_v2.1.0,utah_preference_dedicated_hunter_deer_v1.0.0,2026,2026,DB1775,Fillmore,Deer,Buck,General Season,Dedicated Hunter,Resident,0,dedicated_hunter,146,38,,,,,3,3,157,92,0.000000,,,0.000000,,,0.000,,3,0,BEHIND,YELLOW,POINT CREEP DEFEAT,"2022,2023,2025",3,2025,2022,predictive,preference_dedicated_hunter_deer,TRUE,Forecasted from 2025 dedicated hunter ladder with residency quota split and preference carry-forward.,Dedicated Hunter,PREFERENCE_DEDICATED_HUNTER_DEER,MODELED_PREFERENCE,TARGET,True,Modeled by engine.utah_draw_predictive.dedicated_hunter.
hybrid_ml_v2.1.0,utah_preference_dedicated_hunter_deer_v1.0.0,2026,2026,DB1775,Fillmore,Deer,Buck,General Season,Dedicated Hunter,Resident,1,dedicated_hunter,146,38,,,,,3,3,79,78,0.000000,,,0.000000,,,0.000,,2,0,BEHIND,YELLOW,POINT CREEP DEFEAT,"2022,2023,2025",3,2025,2022,predictive,preference_dedicated_hunter_deer,TRUE,Forecasted from 2025 dedicated hunter ladder with residency quota split and preference carry-forward.,Dedicated Hunter,PREFERENCE_DEDICATED_HUNTER_DEER,MODELED_PREFERENCE,TARGET,True,Modeled by engine.utah_draw_predictive.dedicated_hunter.
hybrid_ml_v2.1.0,utah_preference_dedicated_hunter_deer_v1.0.0,2026,2026,DB1775,Fillmore,Deer,Buck,General Season,Dedicated Hunter,Resident,2,dedicated_hunter,146,38,,,,,3,3,20,59,0.305085,,,0.305085,,,30.508,,1,0,ON EDGE,YELLOW,MAY DRAW IN 5-10 YEARS,"2022,2023,2025",3,2025,2022,predictive,preference_dedicated_hunter_deer,TRUE,Forecasted from 2025 dedicated hunter ladder with residency quota split and preference carry-forward.,Dedicated Hunter,PREFERENCE_DEDICATED_HUNTER_DEER,MODELED_PREFERENCE,TARGET,True,Modeled by engine.utah_draw_predictive.dedicated_hunter.
hybrid_ml_v2.1.0,utah_preference_dedicated_hunter_deer_v1.0.0,2026,2026,DB1775,Fillmore,Deer,Buck,General Season,Dedicated Hunter,Resident,3,dedicated_hunter,146,38,,,,,3,3,1,19,1.000000,,,1.000000,,,100.000,,0,0,ABOVE CUTOFF,YELLOW,GREEN LIGHT,"2022,2023,2025",3,2025,2022,predictive,preference_dedicated_hunter_deer,TRUE,Forecasted from 2025 dedicated hunter ladder with residency quota split and preference carry-forward.,Dedicated Hunter,PREFERENCE_DEDICATED_HUNTER_DEER,MODELED_PREFERENCE,TARGET,True,Modeled by engine.utah_draw_predictive.dedicated_hunter.
hybrid_ml_v2.1.0,utah_preference_dedicated_hunter_deer_v1.0.0,2026,2026,DB1775,Fillmore,Deer,Buck,General Season,Dedicated Hunter,Resident,4,dedicated_hunter,146,38,,,,,3,3,0,1,1.000000,,,1.000000,,,100.000,,-1,0,ABOVE CUTOFF,YELLOW,GREEN LIGHT,"2022,2023,2025",3,2025,2022,predictive,preference_dedicated_hunter_deer,TRUE,Forecasted from 2025 dedicated hunter ladder with residency quota split and preference carry-forward.,Dedicated Hunter,PREFERENCE_DEDICATED_HUNTER_DEER,MODELED_PREFERENCE,TARGET,True,Modeled by engine.utah_draw_predictive.dedicated_hunter.
hybrid_ml_v2.1.0,utah_preference_dedicated_hunter_deer_v1.0.0,2026,2026,DB1777,Kamas,Deer,Buck,General Season,Dedicated Hunter,Resident,0,dedicated_hunter,31,55,,,,,1,0,2,29,1.000000,,,1.000000,,,100.000,,0,-1,ABOVE CUTOFF,RED,GREEN LIGHT,"2022,2023,2025",3,2025,2022,predictive,preference_dedicated_hunter_deer,TRUE,Forecasted from 2025 dedicated hunter ladder with residency quota split and preference carry-forward.,Dedicated Hunter,PREFERENCE_DEDICATED_HUNTER_DEER,MODELED_PREFERENCE,TARGET,True,Modeled by engine.utah_draw_predictive.dedicated_hunter.
hybrid_ml_v2.1.0,utah_preference_dedicated_hunter_deer_v1.0.0,2026,2026,DB1777,Kamas,Deer,Buck,General Season,Dedicated Hunter,Resident,1,dedicated_hunter,31,55,,,,,1,0,1,1,1.000000,,,1.000000,,,100.000,,-1,-1,ABOVE CUTOFF,RED,GREEN LIGHT,"2022,2023,2025",3,2025,2022,predictive,preference_dedicated_hunter_deer,TRUE,Forecasted from 2025 dedicated hunter ladder with residency quota split and preference carry-forward.,Dedicated Hunter,PREFERENCE_DEDICATED_HUNTER_DEER,MODELED_PREFERENCE,TARGET,True,Modeled by engine.utah_draw_predictive.dedicated_hunter.
hybrid_ml_v2.1.0,utah_preference_dedicated_hunter_deer_v1.0.0,2026,2026,DB1777,Kamas,Deer,Buck,General Season,Dedicated Hunter,Resident,2,dedicated_hunter,31,55,,,,,1,0,0,1,1.000000,,,1.000000,,,100.000,,-2,-1,ABOVE CUTOFF,RED,GREEN LIGHT,"2022,2023,2025",3,2025,2022,predictive,preference_dedicated_hunter_deer,TRUE,Forecasted from 2025 dedicated hunter ladder with residency quota split and preference carry-forward.,Dedicated Hunter,PREFERENCE_DEDICATED_HUNTER_DEER,MODELED_PREFERENCE,TARGET,True,Modeled by engine.utah_draw_predictive.dedicated_hunter.
hybrid_ml_v2.1.0,utah_preference_dedicated_hunter_deer_v1.0.0,2026,2026,DB1778,La Sal Mtns,Deer,Buck,General Season,Dedicated Hunter,Nonresident,0,dedicated_hunter,11,7,,,,,1,,8,9,0.000000,,,0.000000,,,0.000,,,,BEHIND,RED,POINT CREEP DEFEAT,"2022,2023,2025",3,2025,2022,predictive,preference_dedicated_hunter_deer,TRUE,Forecasted from 2025 dedicated hunter ladder with residency quota split and preference carry-forward.,Dedicated Hunter,PREFERENCE_DEDICATED_HUNTER_DEER,MODELED_PREFERENCE,TARGET,True,Modeled by engine.utah_draw_predictive.dedicated_hunter.
hybrid_ml_v2.1.0,utah_preference_dedicated_hunter_deer_v1.0.0,2026,2026,DB1778,La Sal Mtns,Deer,Buck,General Season,Dedicated Hunter,Nonresident,1,dedicated_hunter,11,7,,,,,1,,0,8,0.875000,,,0.875000,,,87.500,,,,ON EDGE,RED,MAY DRAW IN 5-10 YEARS,"2022,2023,2025",3,2025,2022,predictive,preference_dedicated_hunter_deer,TRUE,Forecasted from 2025 dedicated hunter ladder with residency quota split and preference carry-forward.,Dedicated Hunter,PREFERENCE_DEDICATED_HUNTER_DEER,MODELED_PREFERENCE,TARGET,True,Modeled by engine.utah_draw_predictive.dedicated_hunter.
hybrid_ml_v2.1.0,utah_preference_dedicated_hunter_deer_v1.0.0,2026,2026,DB1778,La Sal Mtns,Deer,Buck,General Season,Dedicated Hunter,Resident,0,dedicated_hunter,94,60,,,,,1,1,3,69,0.826087,,,0.826087,,,82.609,,1,0,ON EDGE,YELLOW,MAY DRAW IN 5-10 YEARS,"2022,2023,2025",3,2025,2022,predictive,preference_dedicated_hunter_deer,TRUE,Forecasted from 2025 dedicated hunter ladder with residency quota split and preference carry-forward.,Dedicated Hunter,PREFERENCE_DEDICATED_HUNTER_DEER,MODELED_PREFERENCE,TARGET,True,Modeled by engine.utah_draw_predictive.dedicated_hunter.
hybrid_ml_v2.1.0,utah_preference_dedicated_hunter_deer_v1.0.0,2026,2026,DB1778,La Sal Mtns,Deer,Buck,General Season,Dedicated Hunter,Resident,1,dedicated_hunter,94,60,,,,,1,1,0,3,1.000000,,,1.000000,,,100.000,,0,0,ABOVE CUTOFF,YELLOW,GREEN LIGHT,"2022,2023,2025",3,2025,2022,predictive,preference_dedicated_hunter_deer,TRUE,Forecasted from 2025 dedicated hunter ladder with residency quota split and preference carry-forward.,Dedicated Hunter,PREFERENCE_DEDICATED_HUNTER_DEER,MODELED_PREFERENCE,TARGET,True,Modeled by engine.utah_draw_predictive.dedicated_hunter.
hybrid_ml_v2.1.0,utah_preference_dedicated_hunter_deer_v1.0.0,2026,2026,DB1779,Monroe,Deer,Buck,General Season,Dedicated Hunter,Nonresident,0,dedicated_hunter,2,2,,,,,0,0,0,1,1.000000,,,1.000000,,,100.000,,0,0,ABOVE CUTOFF,YELLOW,GREEN LIGHT,"2022,2023,2025",3,2025,2022,predictive,preference_dedicated_hunter_deer,TRUE,Forecasted from 2025 dedicated hunter ladder with residency quota split and preference carry-forward.,Dedicated Hunter,PREFERENCE_DEDICATED_HUNTER_DEER,MODELED_PREFERENCE,TARGET,True,Modeled by engine.utah_draw_predictive.dedicated_hunter.
hybrid_ml_v2.1.0,utah_preference_dedicated_hunter_deer_v1.0.0,2026,2026,DB1779,Monroe,Deer,Buck,General Season,Dedicated Hunter,Resident,0,dedicated_hunter,49,43,,,,,3,3,91,40,0.000000,,,0.000000,,,0.000,,3,0,BEHIND,YELLOW,POINT CREEP DEFEAT,"2022,2023,2025",3,2025,2022,predictive,preference_dedicated_hunter_deer,TRUE,Forecasted from 2025 dedicated hunter ladder with residency quota split and preference carry-forward.,Dedicated Hunter,PREFERENCE_DEDICATED_HUNTER_DEER,MODELED_PREFERENCE,TARGET,True,Modeled by engine.utah_draw_predictive.dedicated_hunter.
hybrid_ml_v2.1.0,utah_preference_dedicated_hunter_deer_v1.0.0,2026,2026,DB1779,Monroe,Deer,Buck,General Season,Dedicated Hunter,Resident,1,dedicated_hunter,49,43,,,,,3,3,57,34,0.000000,,,0.000000,,,0.000,,2,0,BEHIND,YELLOW,POINT CREEP DEFEAT,"2022,2023,2025",3,2025,2022,predictive,preference_dedicated_hunter_deer,TRUE,Forecasted from 2025 dedicated hunter ladder with residency quota split and preference carry-forward.,Dedicated Hunter,PREFERENCE_DEDICATED_HUNTER_DEER,MODELED_PREFERENCE,TARGET,True,Modeled by engine.utah_draw_predictive.dedicated_hunter.
hybrid_ml_v2.1.0,utah_preference_dedicated_hunter_deer_v1.0.0,2026,2026,DB1779,Monroe,Deer,Buck,General Season,Dedicated Hunter,Resident,2,dedicated_hunter,49,43,,,,,3,3,32,25,0.440000,,,0.440000,,,44.000,,1,0,ON EDGE,YELLOW,MAY DRAW IN 5-10 YEARS,"2022,2023,2025",3,2025,2022,predictive,preference_dedicated_hunter_deer,TRUE,Forecasted from 2025 dedicated hunter ladder with residency quota split and preference carry-forward.,Dedicated Hunter,PREFERENCE_DEDICATED_HUNTER_DEER,MODELED_PREFERENCE,TARGET,True,Modeled by engine.utah_draw_predictive.dedicated_hunter.
hybrid_ml_v2.1.0,utah_preference_dedicated_hunter_deer_v1.0.0,2026,2026,DB1779,Monroe,Deer,Buck,General Season,Dedicated Hunter,Resident,3,dedicated_hunter,49,43,,,,,3,3,3,29,1.000000,,,1.000000,,,100.000,,0,0,ABOVE CUTOFF,YELLOW,GREEN LIGHT,"2022,2023,2025",3,2025,2022,predictive,preference_dedicated_hunter_deer,TRUE,Forecasted from 2025 dedicated hunter ladder with residency quota split and preference carry-forward.,Dedicated Hunter,PREFERENCE_DEDICATED_HUNTER_DEER,MODELED_PREFERENCE,TARGET,True,Modeled by engine.utah_draw_predictive.dedicated_hunter.
hybrid_ml_v2.1.0,utah_preference_dedicated_hunter_deer_v1.0.0,2026,2026,DB1779,Monroe,Deer,Buck,General Season,Dedicated Hunter,Resident,4,dedicated_hunter,49,43,,,,,3,3,1,2,1.000000,,,1.000000,,,100.000,,-1,0,ABOVE CUTOFF,YELLOW,GREEN LIGHT,"2022,2023,2025",3,2025,2022,predictive,preference_dedicated_hunter_deer,TRUE,Forecasted from 2025 dedicated hunter ladder with residency quota split and preference carry-forward.,Dedicated Hunter,PREFERENCE_DEDICATED_HUNTER_DEER,MODELED_PREFERENCE,TARGET,True,Modeled by engine.utah_draw_predictive.dedicated_hunter.
hybrid_ml_v2.1.0,utah_preference_dedicated_hunter_deer_v1.0.0,2026,2026,DB1779,Monroe,Deer,Buck,General Season,Dedicated Hunter,Resident,5,dedicated_hunter,49,43,,,,,3,3,0,1,1.000000,,,1.000000,,,100.000,,-2,0,ABOVE CUTOFF,YELLOW,GREEN LIGHT,"2022,2023,2025",3,2025,2022,predictive,preference_dedicated_hunter_deer,TRUE,Forecasted from 2025 dedicated hunter ladder with residency quota split and preference carry-forward.,Dedicated Hunter,PREFERENCE_DEDICATED_HUNTER_DEER,MODELED_PREFERENCE,TARGET,True,Modeled by engine.utah_draw_predictive.dedicated_hunter.
hybrid_ml_v2.1.0,utah_preference_dedicated_hunter_deer_v1.0.0,2026,2026,DB1780,Mt Dutton,Deer,Buck,General Season,Dedicated Hunter,Nonresident,0,dedicated_hunter,1,5,,,,,,2,9,6,0.000000,,,0.000000,,,0.000,,2,,BEHIND,GREEN,POINT CREEP DEFEAT,"2022,2023,2025",3,2025,2022,predictive,preference_dedicated_hunter_deer,TRUE,Forecasted from 2025 dedicated hunter ladder with residency quota split and preference carry-forward.,Dedicated Hunter,PREFERENCE_DEDICATED_HUNTER_DEER,MODELED_PREFERENCE,TARGET,True,Modeled by engine.utah_draw_predictive.dedicated_hunter.
hybrid_ml_v2.1.0,utah_preference_dedicated_hunter_deer_v1.0.0,2026,2026,DB1780,Mt Dutton,Deer,Buck,General Season,Dedicated Hunter,Nonresident,1,dedicated_hunter,1,5,,,,,,2,4,5,0.200000,,,0.200000,,,20.000,,1,,ON EDGE,GREEN,RANDOM POOL RELIANCE,"2022,2023,2025",3,2025,2022,predictive,preference_dedicated_hunter_deer,TRUE,Forecasted from 2025 dedicated hunter ladder with residency quota split and preference carry-forward.,Dedicated Hunter,PREFERENCE_DEDICATED_HUNTER_DEER,MODELED_PREFERENCE,TARGET,True,Modeled by engine.utah_draw_predictive.dedicated_hunter.
hybrid_ml_v2.1.0,utah_preference_dedicated_hunter_deer_v1.0.0,2026,2026,DB1780,Mt Dutton,Deer,Buck,General Season,Dedicated Hunter,Nonresident,2,dedicated_hunter,1,5,,,,,,2,1,3,1.000000,,,1.000000,,,100.000,,0,,ABOVE CUTOFF,GREEN,GREEN LIGHT,"2022,2023,2025",3,2025,2022,predictive,preference_dedicated_hunter_deer,TRUE,Forecasted from 2025 dedicated hunter ladder with residency quota split and preference carry-forward.,Dedicated Hunter,PREFERENCE_DEDICATED_HUNTER_DEER,MODELED_PREFERENCE,TARGET,True,Modeled by engine.utah_draw_predictive.dedicated_hunter.
hybrid_ml_v2.1.0,utah_preference_dedicated_hunter_deer_v1.0.0,2026,2026,DB1780,Mt Dutton,Deer,Buck,General Season,Dedicated Hunter,Nonresident,3,dedicated_hunter,1,5,,,,,,2,0,1,1.000000,,,1.000000,,,100.000,,-1,,ABOVE CUTOFF,GREEN,GREEN LIGHT,"2022,2023,2025",3,2025,2022,predictive,preference_dedicated_hunter_deer,TRUE,Forecasted from 2025 dedicated hunter ladder with residency quota split and preference carry-forward.,Dedicated Hunter,PREFERENCE_DEDICATED_HUNTER_DEER,MODELED_PREFERENCE,TARGET,True,Modeled by engine.utah_draw_predictive.dedicated_hunter.
hybrid_ml_v2.1.0,utah_preference_dedicated_hunter_deer_v1.0.0,2026,2026,DB1780,Mt Dutton,Deer,Buck,General Season,Dedicated Hunter,Resident,0,dedicated_hunter,4,21,,,,,5,4,41,15,0.000000,,,0.000000,,,0.000,,4,-1,BEHIND,RED,POINT CREEP DEFEAT,"2022,2023,2025",3,2025,2022,predictive,preference_dedicated_hunter_deer,TRUE,Forecasted from 2025 dedicated hunter ladder with residency quota split and preference carry-forward.,Dedicated Hunter,PREFERENCE_DEDICATED_HUNTER_DEER,MODELED_PREFERENCE,TARGET,True,Modeled by engine.utah_draw_predictive.dedicated_hunter.
hybrid_ml_v2.1.0,utah_preference_dedicated_hunter_deer_v1.0.0,2026,2026,DB1780,Mt Dutton,Deer,Buck,General Season,Dedicated Hunter,Resident,1,dedicated_hunter,4,21,,,,,5,4,29,12,0.000000,,,0.000000,,,0.000,,3,-1,BEHIND,RED,POINT CREEP DEFEAT,"2022,2023,2025",3,2025,2022,predictive,preference_dedicated_hunter_deer,TRUE,Forecasted from 2025 dedicated hunter ladder with residency quota split and preference carry-forward.,Dedicated Hunter,PREFERENCE_DEDICATED_HUNTER_DEER,MODELED_PREFERENCE,TARGET,True,Modeled by engine.utah_draw_predictive.dedicated_hunter.
hybrid_ml_v2.1.0,utah_preference_dedicated_hunter_deer_v1.0.0,2026,2026,DB1780,Mt Dutton,Deer,Buck,General Season,Dedicated Hunter,Resident,2,dedicated_hunter,4,21,,,,,5,4,24,5,0.000000,,,0.000000,,,0.000,,2,-1,BEHIND,RED,POINT CREEP DEFEAT,"2022,2023,2025",3,2025,2022,predictive,preference_dedicated_hunter_deer,TRUE,Forecasted from 2025 dedicated hunter ladder with residency quota split and preference carry-forward.,Dedicated Hunter,PREFERENCE_DEDICATED_HUNTER_DEER,MODELED_PREFERENCE,TARGET,True,Modeled by engine.utah_draw_predictive.dedicated_hunter.
hybrid_ml_v2.1.0,utah_preference_dedicated_hunter_deer_v1.0.0,2026,2026,DB1780,Mt Dutton,Deer,Buck,General Season,Dedicated Hunter,Resident,3,dedicated_hunter,4,21,,,,,5,4,13,11,0.727273,,,0.727273,,,72.727,,1,-1,ON EDGE,RED,MAY DRAW IN 5-10 YEARS,"2022,2023,2025",3,2025,2022,predictive,preference_dedicated_hunter_deer,TRUE,Forecasted from 2025 dedicated hunter ladder with residency quota split and preference carry-forward.,Dedicated Hunter,PREFERENCE_DEDICATED_HUNTER_DEER,MODELED_PREFERENCE,TARGET,True,Modeled by engine.utah_draw_predictive.dedicated_hunter.
hybrid_ml_v2.1.0,utah_preference_dedicated_hunter_deer_v1.0.0,2026,2026,DB1780,Mt Dutton,Deer,Buck,General Season,Dedicated Hunter,Resident,4,dedicated_hunter,4,21,,,,,5,4,2,11,1.000000,,,1.000000,,,100.000,,0,-1,ABOVE CUTOFF,RED,GREEN LIGHT,"2022,2023,2025",3,2025,2022,predictive,preference_dedicated_hunter_deer,TRUE,Forecasted from 2025 dedicated hunter ladder with residency quota split and preference carry-forward.,Dedicated Hunter,PREFERENCE_DEDICATED_HUNTER_DEER,MODELED_PREFERENCE,TARGET,True,Modeled by engine.utah_draw_predictive.dedicated_hunter.
hybrid_ml_v2.1.0,utah_preference_dedicated_hunter_deer_v1.0.0,2026,2026,DB1780,Mt Dutton,Deer,Buck,General Season,Dedicated Hunter,Resident,5,dedicated_hunter,4,21,,,,,5,4,0,2,1.000000,,,1.000000,,,100.000,,-1,-1,ABOVE CUTOFF,RED,GREEN LIGHT,"2022,2023,2025",3,2025,2022,predictive,preference_dedicated_hunter_deer,TRUE,Forecasted from 2025 dedicated hunter ladder with residency quota split and preference carry-forward.,Dedicated Hunter,PREFERENCE_DEDICATED_HUNTER_DEER,MODELED_PREFERENCE,TARGET,True,Modeled by engine.utah_draw_predictive.dedicated_hunter.
hybrid_ml_v2.1.0,utah_preference_dedicated_hunter_deer_v1.0.0,2026,2026,DB1781,Nine Mile,Deer,Buck,General Season,Dedicated Hunter,Nonresident,0,dedicated_hunter,1,1,,,,,0,0,0,1,1.000000,,,1.000000,,,100.000,,0,0,ABOVE CUTOFF,YELLOW,GREEN LIGHT,"2023,2025",2,2025,2023,predictive,preference_dedicated_hunter_deer,TRUE,Forecasted from 2025 dedicated hunter ladder with residency quota split and preference carry-forward.,Dedicated Hunter,PREFERENCE_DEDICATED_HUNTER_DEER,MODELED_PREFERENCE,TARGET,True,Modeled by engine.utah_draw_predictive.dedicated_hunter.
hybrid_ml_v2.1.0,utah_preference_dedicated_hunter_deer_v1.0.0,2026,2026,DB1781,Nine Mile,Deer,Buck,General Season,Dedicated Hunter,Resident,0,dedicated_hunter,42,61,,,,,0,0,0,39,1.000000,,,1.000000,,,100.000,,0,0,ABOVE CUTOFF,YELLOW,GREEN LIGHT,"2022,2023,2025",3,2025,2022,predictive,preference_dedicated_hunter_deer,TRUE,Forecasted from 2025 dedicated hunter ladder with residency quota split and preference carry-forward.,Dedicated Hunter,PREFERENCE_DEDICATED_HUNTER_DEER,MODELED_PREFERENCE,TARGET,True,Modeled by engine.utah_draw_predictive.dedicated_hunter.
hybrid_ml_v2.1.0,utah_preference_dedicated_hunter_deer_v1.0.0,2026,2026,DB1782,North Slope,Deer,Buck,General Season,Dedicated Hunter,Resident,0,dedicated_hunter,39,340,,,,,1,0,1,40,1.000000,,,1.000000,,,100.000,,0,-1,ABOVE CUTOFF,RED,GREEN LIGHT,"2022,2023,2025",3,2025,2022,predictive,preference_dedicated_hunter_deer,TRUE,Forecasted from 2025 dedicated hunter ladder with residency quota split and preference carry-forward.,Dedicated Hunter,PREFERENCE_DEDICATED_HUNTER_DEER,MODELED_PREFERENCE,TARGET,True,Modeled by engine.utah_draw_predictive.dedicated_hunter.
hybrid_ml_v2.1.0,utah_preference_dedicated_hunter_deer_v1.0.0,2026,2026,DB1782,North Slope,Deer,Buck,General Season,Dedicated Hunter,Resident,1,dedicated_hunter,39,340,,,,,1,0,0,1,1.000000,,,1.000000,,,100.000,,-1,-1,ABOVE CUTOFF,RED,GREEN LIGHT,"2022,2023,2025",3,2025,2022,predictive,preference_dedicated_hunter_deer,TRUE,Forecasted from 2025 dedicated hunter ladder with residency quota split and preference carry-forward.,Dedicated Hunter,PREFERENCE_DEDICATED_HUNTER_DEER,MODELED_PREFERENCE,TARGET,True,Modeled by engine.utah_draw_predictive.dedicated_hunter.
hybrid_ml_v2.1.0,utah_preference_dedicated_hunter_deer_v1.0.0,2026,2026,DB1783,Ogden,Deer,Buck,General Season,Dedicated Hunter,Resident,0,dedicated_hunter,45,291,,,,,1,0,2,46,1.000000,,,1.000000,,,100.000,,0,-1,ABOVE CUTOFF,RED,GREEN LIGHT,"2022,2023,2025",3,2025,2022,predictive,preference_dedicated_hunter_deer,TRUE,Forecasted from 2025 dedicated hunter ladder with residency quota split and preference carry-forward.,Dedicated Hunter,PREFERENCE_DEDICATED_HUNTER_DEER,MODELED_PREFERENCE,TARGET,True,Modeled by engine.utah_draw_predictive.dedicated_hunter.
hybrid_ml_v2.1.0,utah_preference_dedicated_hunter_deer_v1.0.0,2026,2026,DB1783,Ogden,Deer,Buck,General Season,Dedicated Hunter,Resident,1,dedicated_hunter,45,291,,,,,1,0,0,2,1.000000,,,1.000000,,,100.000,,-1,-1,ABOVE CUTOFF,RED,GREEN LIGHT,"2022,2023,2025",3,2025,2022,predictive,preference_dedicated_hunter_deer,TRUE,Forecasted from 2025 dedicated hunter ladder with residency quota split and preference carry-forward.,Dedicated Hunter,PREFERENCE_DEDICATED_HUNTER_DEER,MODELED_PREFERENCE,TARGET,True,Modeled by engine.utah_draw_predictive.dedicated_hunter.
hybrid_ml_v2.1.0,utah_preference_dedicated_hunter_deer_v1.0.0,2026,2026,DB1785,Panguitch Lake,Deer,Buck,General Season,Dedicated Hunter,Nonresident,0,dedicated_hunter,20,12,,,,,3,3,26,16,0.000000,,,0.000000,,,0.000,,3,0,BEHIND,YELLOW,POINT CREEP DEFEAT,"2022,2023,2025",3,2025,2022,predictive,preference_dedicated_hunter_deer,TRUE,Forecasted from 2025 dedicated hunter ladder with residency quota split and preference carry-forward.,Dedicated Hunter,PREFERENCE_DEDICATED_HUNTER_DEER,MODELED_PREFERENCE,TARGET,True,Modeled by engine.utah_draw_predictive.dedicated_hunter.
hybrid_ml_v2.1.0,utah_preference_dedicated_hunter_deer_v1.0.0,2026,2026,DB1785,Panguitch Lake,Deer,Buck,General Season,Dedicated Hunter,Nonresident,1,dedicated_hunter,20,12,,,,,3,3,13,13,0.000000,,,0.000000,,,0.000,,2,0,BEHIND,YELLOW,POINT CREEP DEFEAT,"2022,2023,2025",3,2025,2022,predictive,preference_dedicated_hunter_deer,TRUE,Forecasted from 2025 dedicated hunter ladder with residency quota split and preference carry-forward.,Dedicated Hunter,PREFERENCE_DEDICATED_HUNTER_DEER,MODELED_PREFERENCE,TARGET,True,Modeled by engine.utah_draw_predictive.dedicated_hunter.
hybrid_ml_v2.1.0,utah_preference_dedicated_hunter_deer_v1.0.0,2026,2026,DB1785,Panguitch Lake,Deer,Buck,General Season,Dedicated Hunter,Nonresident,2,dedicated_hunter,20,12,,,,,3,3,3,10,0.900000,,,0.900000,,,90.000,,1,0,ON EDGE,YELLOW,GREEN LIGHT,"2022,2023,2025",3,2025,2022,predictive,preference_dedicated_hunter_deer,TRUE,Forecasted from 2025 dedicated hunter ladder with residency quota split and preference carry-forward.,Dedicated Hunter,PREFERENCE_DEDICATED_HUNTER_DEER,MODELED_PREFERENCE,TARGET,True,Modeled by engine.utah_draw_predictive.dedicated_hunter.
hybrid_ml_v2.1.0,utah_preference_dedicated_hunter_deer_v1.0.0,2026,2026,DB1785,Panguitch Lake,Deer,Buck,General Season,Dedicated Hunter,Nonresident,3,dedicated_hunter,20,12,,,,,3,3,2,1,1.000000,,,1.000000,,,100.000,,0,0,ABOVE CUTOFF,YELLOW,GREEN LIGHT,"2022,2023,2025",3,2025,2022,predictive,preference_dedicated_hunter_deer,TRUE,Forecasted from 2025 dedicated hunter ladder with residency quota split and preference carry-forward.,Dedicated Hunter,PREFERENCE_DEDICATED_HUNTER_DEER,MODELED_PREFERENCE,TARGET,True,Modeled by engine.utah_draw_predictive.dedicated_hunter.
hybrid_ml_v2.1.0,utah_preference_dedicated_hunter_deer_v1.0.0,2026,2026,DB1785,Panguitch Lake,Deer,Buck,General Season,Dedicated Hunter,Nonresident,4,dedicated_hunter,20,12,,,,,3,3,1,1,1.000000,,,1.000000,,,100.000,,-1,0,ABOVE CUTOFF,YELLOW,GREEN LIGHT,"2022,2023,2025",3,2025,2022,predictive,preference_dedicated_hunter_deer,TRUE,Forecasted from 2025 dedicated hunter ladder with residency quota split and preference carry-forward.,Dedicated Hunter,PREFERENCE_DEDICATED_HUNTER_DEER,MODELED_PREFERENCE,TARGET,True,Modeled by engine.utah_draw_predictive.dedicated_hunter.
hybrid_ml_v2.1.0,utah_preference_dedicated_hunter_deer_v1.0.0,2026,2026,DB1785,Panguitch Lake,Deer,Buck,General Season,Dedicated Hunter,Nonresident,5,dedicated_hunter,20,12,,,,,3,3,0,1,1.000000,,,1.000000,,,100.000,,-2,0,ABOVE CUTOFF,YELLOW,GREEN LIGHT,"2022,2023,2025",3,2025,2022,predictive,preference_dedicated_hunter_deer,TRUE,Forecasted from 2025 dedicated hunter ladder with residency quota split and preference carry-forward.,Dedicated Hunter,PREFERENCE_DEDICATED_HUNTER_DEER,MODELED_PREFERENCE,TARGET,True,Modeled by engine.utah_draw_predictive.dedicated_hunter.
hybrid_ml_v2.1.0,utah_preference_dedicated_hunter_deer_v1.0.0,2026,2026,DB1785,Panguitch Lake,Deer,Buck,General Season,Dedicated Hunter,Resident,0,dedicated_hunter,167,100,,,,,3,2,155,93,0.000000,,,0.000000,,,0.000,,2,-1,BEHIND,RED,POINT CREEP DEFEAT,"2022,2023,2025",3,2025,2022,predictive,preference_dedicated_hunter_deer,TRUE,Forecasted from 2025 dedicated hunter ladder with residency quota split and preference carry-forward.,Dedicated Hunter,PREFERENCE_DEDICATED_HUNTER_DEER,MODELED_PREFERENCE,TARGET,True,Modeled by engine.utah_draw_predictive.dedicated_hunter.
hybrid_ml_v2.1.0,utah_preference_dedicated_hunter_deer_v1.0.0,2026,2026,DB1785,Panguitch Lake,Deer,Buck,General Season,Dedicated Hunter,Resident,1,dedicated_hunter,167,100,,,,,3,2,77,78,0.294872,,,0.294872,,,29.487,,1,-1,ON EDGE,RED,MAY DRAW IN 5-10 YEARS,"2022,2023,2025",3,2025,2022,predictive,preference_dedicated_hunter_deer,TRUE,Forecasted from 2025 dedicated hunter ladder with residency quota split and preference carry-forward.,Dedicated Hunter,PREFERENCE_DEDICATED_HUNTER_DEER,MODELED_PREFERENCE,TARGET,True,Modeled by engine.utah_draw_predictive.dedicated_hunter.
hybrid_ml_v2.1.0,utah_preference_dedicated_hunter_deer_v1.0.0,2026,2026,DB1785,Panguitch Lake,Deer,Buck,General Season,Dedicated Hunter,Resident,2,dedicated_hunter,167,100,,,,,3,2,23,54,1.000000,,,1.000000,,,100.000,,0,-1,ABOVE CUTOFF,RED,GREEN LIGHT,"2022,2023,2025",3,2025,2022,predictive,preference_dedicated_hunter_deer,TRUE,Forecasted from 2025 dedicated hunter ladder with residency quota split and preference carry-forward.,Dedicated Hunter,PREFERENCE_DEDICATED_HUNTER_DEER,MODELED_PREFERENCE,TARGET,True,Modeled by engine.utah_draw_predictive.dedicated_hunter.
hybrid_ml_v2.1.0,utah_preference_dedicated_hunter_deer_v1.0.0,2026,2026,DB1785,Panguitch Lake,Deer,Buck,General Season,Dedicated Hunter,Resident,3,dedicated_hunter,167,100,,,,,3,2,3,20,1.000000,,,1.000000,,,100.000,,-1,-1,ABOVE CUTOFF,RED,GREEN LIGHT,"2022,2023,2025",3,2025,2022,predictive,preference_dedicated_hunter_deer,TRUE,Forecasted from 2025 dedicated hunter ladder with residency quota split and preference carry-forward.,Dedicated Hunter,PREFERENCE_DEDICATED_HUNTER_DEER,MODELED_PREFERENCE,TARGET,True,Modeled by engine.utah_draw_predictive.dedicated_hunter.
hybrid_ml_v2.1.0,utah_preference_dedicated_hunter_deer_v1.0.0,2026,2026,DB1785,Panguitch Lake,Deer,Buck,General Season,Dedicated Hunter,Resident,4,dedicated_hunter,167,100,,,,,3,2,1,2,1.000000,,,1.000000,,,100.000,,-2,-1,ABOVE CUTOFF,RED,GREEN LIGHT,"2022,2023,2025",3,2025,2022,predictive,preference_dedicated_hunter_deer,TRUE,Forecasted from 2025 dedicated hunter ladder with residency quota split and preference carry-forward.,Dedicated Hunter,PREFERENCE_DEDICATED_HUNTER_DEER,MODELED_PREFERENCE,TARGET,True,Modeled by engine.utah_draw_predictive.dedicated_hunter.
hybrid_ml_v2.1.0,utah_preference_dedicated_hunter_deer_v1.0.0,2026,2026,DB1785,Panguitch Lake,Deer,Buck,General Season,Dedicated Hunter,Resident,5,dedicated_hunter,167,100,,,,,3,2,0,1,1.000000,,,1.000000,,,100.000,,-3,-1,ABOVE CUTOFF,RED,GREEN LIGHT,"2022,2023,2025",3,2025,2022,predictive,preference_dedicated_hunter_deer,TRUE,Forecasted from 2025 dedicated hunter ladder with residency quota split and preference carry-forward.,Dedicated Hunter,PREFERENCE_DEDICATED_HUNTER_DEER,MODELED_PREFERENCE,TARGET,True,Modeled by engine.utah_draw_predictive.dedicated_hunter.
hybrid_ml_v2.1.0,utah_preference_dedicated_hunter_deer_v1.0.0,2026,2026,DB1786,Pine Valley,Deer,Buck,General Season,Dedicated Hunter,Nonresident,0,dedicated_hunter,1,114,,,,,,0,57,15,1.000000,,,1.000000,,,100.000,,0,,ABOVE CUTOFF,GREEN,GREEN LIGHT,"2022,2023,2025",3,2025,2022,predictive,preference_dedicated_hunter_deer,TRUE,Forecasted from 2025 dedicated hunter ladder with residency quota split and preference carry-forward.,Dedicated Hunter,PREFERENCE_DEDICATED_HUNTER_DEER,MODELED_PREFERENCE,TARGET,True,Modeled by engine.utah_draw_predictive.dedicated_hunter.
hybrid_ml_v2.1.0,utah_preference_dedicated_hunter_deer_v1.0.0,2026,2026,DB1786,Pine Valley,Deer,Buck,General Season,Dedicated Hunter,Nonresident,1,dedicated_hunter,1,114,,,,,,0,45,12,1.000000,,,1.000000,,,100.000,,-1,,ABOVE CUTOFF,GREEN,GREEN LIGHT,"2022,2023,2025",3,2025,2022,predictive,preference_dedicated_hunter_deer,TRUE,Forecasted from 2025 dedicated hunter ladder with residency quota split and preference carry-forward.,Dedicated Hunter,PREFERENCE_DEDICATED_HUNTER_DEER,MODELED_PREFERENCE,TARGET,True,Modeled by engine.utah_draw_predictive.dedicated_hunter.
hybrid_ml_v2.1.0,utah_preference_dedicated_hunter_deer_v1.0.0,2026,2026,DB1786,Pine Valley,Deer,Buck,General Season,Dedicated Hunter,Nonresident,2,dedicated_hunter,1,114,,,,,,0,38,7,1.000000,,,1.000000,,,100.000,,-2,,ABOVE CUTOFF,GREEN,GREEN LIGHT,"2022,2023,2025",3,2025,2022,predictive,preference_dedicated_hunter_deer,TRUE,Forecasted from 2025 dedicated hunter ladder with residency quota split and preference carry-forward.,Dedicated Hunter,PREFERENCE_DEDICATED_HUNTER_DEER,MODELED_PREFERENCE,TARGET,True,Modeled by engine.utah_draw_predictive.dedicated_hunter.
hybrid_ml_v2.1.0,utah_preference_dedicated_hunter_deer_v1.0.0,2026,2026,DB1786,Pine Valley,Deer,Buck,General Season,Dedicated Hunter,Nonresident,3,dedicated_hunter,1,114,,,,,,0,28,10,1.000000,,,1.000000,,,100.000,,-3,,ABOVE CUTOFF,GREEN,GREEN LIGHT,"2022,2023,2025",3,2025,2022,predictive,preference_dedicated_hunter_deer,TRUE,Forecasted from 2025 dedicated hunter ladder with residency quota split and preference carry-forward.,Dedicated Hunter,PREFERENCE_DEDICATED_HUNTER_DEER,MODELED_PREFERENCE,TARGET,True,Modeled by engine.utah_draw_predictive.dedicated_hunter.
hybrid_ml_v2.1.0,utah_preference_dedicated_hunter_deer_v1.0.0,2026,2026,DB1786,Pine Valley,Deer,Buck,General Season,Dedicated Hunter,Nonresident,4,dedicated_hunter,1,114,,,,,,0,13,15,1.000000,,,1.000000,,,100.000,,-4,,ABOVE CUTOFF,GREEN,GREEN LIGHT,"2022,2023,2025",3,2025,2022,predictive,preference_dedicated_hunter_deer,TRUE,Forecasted from 2025 dedicated hunter ladder with residency quota split and preference carry-forward.,Dedicated Hunter,PREFERENCE_DEDICATED_HUNTER_DEER,MODELED_PREFERENCE,TARGET,True,Modeled by engine.utah_draw_predictive.dedicated_hunter.
hybrid_ml_v2.1.0,utah_preference_dedicated_hunter_deer_v1.0.0,2026,2026,DB1786,Pine Valley,Deer,Buck,General Season,Dedicated Hunter,Nonresident,5,dedicated_hunter,1,114,,,,,,0,4,9,1.000000,,,1.000000,,,100.000,,-5,,ABOVE CUTOFF,GREEN,GREEN LIGHT,"2022,2023,2025",3,2025,2022,predictive,preference_dedicated_hunter_deer,TRUE,Forecasted from 2025 dedicated hunter ladder with residency quota split and preference carry-forward.,Dedicated Hunter,PREFERENCE_DEDICATED_HUNTER_DEER,MODELED_PREFERENCE,TARGET,True,Modeled by engine.utah_draw_predictive.dedicated_hunter.
hybrid_ml_v2.1.0,utah_preference_dedicated_hunter_deer_v1.0.0,2026,2026,DB1786,Pine Valley,Deer,Buck,General Season,Dedicated Hunter,Nonresident,6,dedicated_hunter,1,114,,,,,,0,1,3,1.000000,,,1.000000,,,100.000,,-6,,ABOVE CUTOFF,GREEN,GREEN LIGHT,"2022,2023,2025",3,2025,2022,predictive,preference_dedicated_hunter_deer,TRUE,Forecasted from 2025 dedicated hunter ladder with residency quota split and preference carry-forward.,Dedicated Hunter,PREFERENCE_DEDICATED_HUNTER_DEER,MODELED_PREFERENCE,TARGET,True,Modeled by engine.utah_draw_predictive.dedicated_hunter.
hybrid_ml_v2.1.0,utah_preference_dedicated_hunter_deer_v1.0.0,2026,2026,DB1786,Pine Valley,Deer,Buck,General Season,Dedicated Hunter,Nonresident,7,dedicated_hunter,1,114,,,,,,0,0,1,1.000000,,,1.000000,,,100.000,,-7,,ABOVE CUTOFF,GREEN,GREEN LIGHT,"2022,2023,2025",3,2025,2022,predictive,preference_dedicated_hunter_deer,TRUE,Forecasted from 2025 dedicated hunter ladder with residency quota split and preference carry-forward.,Dedicated Hunter,PREFERENCE_DEDICATED_HUNTER_DEER,MODELED_PREFERENCE,TARGET,True,Modeled by engine.utah_draw_predictive.dedicated_hunter.
hybrid_ml_v2.1.0,utah_preference_dedicated_hunter_deer_v1.0.0,2026,2026,DB1786,Pine Valley,Deer,Buck,General Season,Dedicated Hunter,Resident,0,dedicated_hunter,1,114,,,,,,5,450,76,0.000000,,,0.000000,,,0.000,,5,,BEHIND,GREEN,POINT CREEP DEFEAT,"2022,2023,2025",3,2025,2022,predictive,preference_dedicated_hunter_deer,TRUE,Forecasted from 2025 dedicated hunter ladder with residency quota split and preference carry-forward.,Dedicated Hunter,PREFERENCE_DEDICATED_HUNTER_DEER,MODELED_PREFERENCE,TARGET,True,Modeled by engine.utah_draw_predictive.dedicated_hunter.
hybrid_ml_v2.1.0,utah_preference_dedicated_hunter_deer_v1.0.0,2026,2026,DB1786,Pine Valley,Deer,Buck,General Season,Dedicated Hunter,Resident,1,dedicated_hunter,1,114,,,,,,5,382,68,0.000000,,,0.000000,,,0.000,,4,,BEHIND,GREEN,POINT CREEP DEFEAT,"2022,2023,2025",3,2025,2022,predictive,preference_dedicated_hunter_deer,TRUE,Forecasted from 2025 dedicated hunter ladder with residency quota split and preference carry-forward.,Dedicated Hunter,PREFERENCE_DEDICATED_HUNTER_DEER,MODELED_PREFERENCE,TARGET,True,Modeled by engine.utah_draw_predictive.dedicated_hunter.
hybrid_ml_v2.1.0,utah_preference_dedicated_hunter_deer_v1.0.0,2026,2026,DB1786,Pine Valley,Deer,Buck,General Season,Dedicated Hunter,Resident,2,dedicated_hunter,1,114,,,,,,5,284,98,0.000000,,,0.000000,,,0.000,,3,,BEHIND,GREEN,POINT CREEP DEFEAT,"2022,2023,2025",3,2025,2022,predictive,preference_dedicated_hunter_deer,TRUE,Forecasted from 2025 dedicated hunter ladder with residency quota split and preference carry-forward.,Dedicated Hunter,PREFERENCE_DEDICATED_HUNTER_DEER,MODELED_PREFERENCE,TARGET,True,Modeled by engine.utah_draw_predictive.dedicated_hunter.
hybrid_ml_v2.1.0,utah_preference_dedicated_hunter_deer_v1.0.0,2026,2026,DB1786,Pine Valley,Deer,Buck,General Season,Dedicated Hunter,Resident,3,dedicated_hunter,1,114,,,,,,5,196,88,0.000000,,,0.000000,,,0.000,,2,,BEHIND,GREEN,POINT CREEP DEFEAT,"2022,2023,2025",3,2025,2022,predictive,preference_dedicated_hunter_deer,TRUE,Forecasted from 2025 dedicated hunter ladder with residency quota split and preference carry-forward.,Dedicated Hunter,PREFERENCE_DEDICATED_HUNTER_DEER,MODELED_PREFERENCE,TARGET,True,Modeled by engine.utah_draw_predictive.dedicated_hunter.
hybrid_ml_v2.1.0,utah_preference_dedicated_hunter_deer_v1.0.0,2026,2026,DB1786,Pine Valley,Deer,Buck,General Season,Dedicated Hunter,Resident,4,dedicated_hunter,1,114,,,,,,5,85,111,0.261261,,,0.261261,,,26.126,,1,,ON EDGE,GREEN,MAY DRAW IN 5-10 YEARS,"2022,2023,2025",3,2025,2022,predictive,preference_dedicated_hunter_deer,TRUE,Forecasted from 2025 dedicated hunter ladder with residency quota split and preference carry-forward.,Dedicated Hunter,PREFERENCE_DEDICATED_HUNTER_DEER,MODELED_PREFERENCE,TARGET,True,Modeled by engine.utah_draw_predictive.dedicated_hunter.
hybrid_ml_v2.1.0,utah_preference_dedicated_hunter_deer_v1.0.0,2026,2026,DB1786,Pine Valley,Deer,Buck,General Season,Dedicated Hunter,Resident,5,dedicated_hunter,1,114,,,,,,5,12,73,1.000000,,,1.000000,,,100.000,,0,,ABOVE CUTOFF,GREEN,GREEN LIGHT,"2022,2023,2025",3,2025,2022,predictive,preference_dedicated_hunter_deer,TRUE,Forecasted from 2025 dedicated hunter ladder with residency quota split and preference carry-forward.,Dedicated Hunter,PREFERENCE_DEDICATED_HUNTER_DEER,MODELED_PREFERENCE,TARGET,True,Modeled by engine.utah_draw_predictive.dedicated_hunter.
hybrid_ml_v2.1.0,utah_preference_dedicated_hunter_deer_v1.0.0,2026,2026,DB1786,Pine Valley,Deer,Buck,General Season,Dedicated Hunter,Resident,6,dedicated_hunter,1,114,,,,,,5,3,9,1.000000,,,1.000000,,,100.000,,-1,,ABOVE CUTOFF,GREEN,GREEN LIGHT,"2022,2023,2025",3,2025,2022,predictive,preference_dedicated_hunter_deer,TRUE,Forecasted from 2025 dedicated hunter ladder with residency quota split and preference carry-forward.,Dedicated Hunter,PREFERENCE_DEDICATED_HUNTER_DEER,MODELED_PREFERENCE,TARGET,True,Modeled by engine.utah_draw_predictive.dedicated_hunter.
hybrid_ml_v2.1.0,utah_preference_dedicated_hunter_deer_v1.0.0,2026,2026,DB1786,Pine Valley,Deer,Buck,General Season,Dedicated Hunter,Resident,7,dedicated_hunter,1,114,,,,,,5,0,3,1.000000,,,1.000000,,,100.000,,-2,,ABOVE CUTOFF,GREEN,GREEN LIGHT,"2022,2023,2025",3,2025,2022,predictive,preference_dedicated_hunter_deer,TRUE,Forecasted from 2025 dedicated hunter ladder with residency quota split and preference carry-forward.,Dedicated Hunter,PREFERENCE_DEDICATED_HUNTER_DEER,MODELED_PREFERENCE,TARGET,True,Modeled by engine.utah_draw_predictive.dedicated_hunter.
hybrid_ml_v2.1.0,utah_preference_dedicated_hunter_deer_v1.0.0,2026,2026,DB1787,Boulder/Kaiparowits,Deer,Buck,General Season,Dedicated Hunter,Nonresident,0,dedicated_hunter,15,6,,,,,0,0,0,5,1.000000,,,1.000000,,,100.000,,0,0,ABOVE CUTOFF,YELLOW,GREEN LIGHT,"2022,2023,2025",3,2025,2022,predictive,preference_dedicated_hunter_deer,TRUE,Forecasted from 2025 dedicated hunter ladder with residency quota split and preference carry-forward.,Dedicated Hunter,PREFERENCE_DEDICATED_HUNTER_DEER,MODELED_PREFERENCE,TARGET,True,Modeled by engine.utah_draw_predictive.dedicated_hunter.
hybrid_ml_v2.1.0,utah_preference_dedicated_hunter_deer_v1.0.0,2026,2026,DB1787,Boulder/Kaiparowits,Deer,Buck,General Season,Dedicated Hunter,Resident,0,dedicated_hunter,172,64,,,,,1,1,13,53,0.962264,,,0.962264,,,96.226,,1,0,ON EDGE,YELLOW,GREEN LIGHT,"2022,2023,2025",3,2025,2022,predictive,preference_dedicated_hunter_deer,TRUE,Forecasted from 2025 dedicated hunter ladder with residency quota split and preference carry-forward.,Dedicated Hunter,PREFERENCE_DEDICATED_HUNTER_DEER,MODELED_PREFERENCE,TARGET,True,Modeled by engine.utah_draw_predictive.dedicated_hunter.
hybrid_ml_v2.1.0,utah_preference_dedicated_hunter_deer_v1.0.0,2026,2026,DB1787,Boulder/Kaiparowits,Deer,Buck,General Season,Dedicated Hunter,Resident,1,dedicated_hunter,172,64,,,,,1,1,11,2,1.000000,,,1.000000,,,100.000,,0,0,ABOVE CUTOFF,YELLOW,GREEN LIGHT,"2022,2023,2025",3,2025,2022,predictive,preference_dedicated_hunter_deer,TRUE,Forecasted from 2025 dedicated hunter ladder with residency quota split and preference carry-forward.,Dedicated Hunter,PREFERENCE_DEDICATED_HUNTER_DEER,MODELED_PREFERENCE,TARGET,True,Modeled by engine.utah_draw_predictive.dedicated_hunter.
hybrid_ml_v2.1.0,utah_preference_dedicated_hunter_deer_v1.0.0,2026,2026,DB1787,Boulder/Kaiparowits,Deer,Buck,General Season,Dedicated Hunter,Resident,2,dedicated_hunter,172,64,,,,,1,1,7,4,1.000000,,,1.000000,,,100.000,,-1,0,ABOVE CUTOFF,YELLOW,GREEN LIGHT,"2022,2023,2025",3,2025,2022,predictive,preference_dedicated_hunter_deer,TRUE,Forecasted from 2025 dedicated hunter ladder with residency quota split and preference carry-forward.,Dedicated Hunter,PREFERENCE_DEDICATED_HUNTER_DEER,MODELED_PREFERENCE,TARGET,True,Modeled by engine.utah_draw_predictive.dedicated_hunter.
hybrid_ml_v2.1.0,utah_preference_dedicated_hunter_deer_v1.0.0,2026,2026,DB1787,Boulder/Kaiparowits,Deer,Buck,General Season,Dedicated Hunter,Resident,3,dedicated_hunter,172,64,,,,,1,1,4,3,1.000000,,,1.000000,,,100.000,,-2,0,ABOVE CUTOFF,YELLOW,GREEN LIGHT,"2022,2023,2025",3,2025,2022,predictive,preference_dedicated_hunter_deer,TRUE,Forecasted from 2025 dedicated hunter ladder with residency quota split and preference carry-forward.,Dedicated Hunter,PREFERENCE_DEDICATED_HUNTER_DEER,MODELED_PREFERENCE,TARGET,True,Modeled by engine.utah_draw_predictive.dedicated_hunter.
hybrid_ml_v2.1.0,utah_preference_dedicated_hunter_deer_v1.0.0,2026,2026,DB1787,Boulder/Kaiparowits,Deer,Buck,General Season,Dedicated Hunter,Resident,4,dedicated_hunter,172,64,,,,,1,1,0,4,1.000000,,,1.000000,,,100.000,,-3,0,ABOVE CUTOFF,YELLOW,GREEN LIGHT,"2022,2023,2025",3,2025,2022,predictive,preference_dedicated_hunter_deer,TRUE,Forecasted from 2025 dedicated hunter ladder with residency quota split and preference carry-forward.,Dedicated Hunter,PREFERENCE_DEDICATED_HUNTER_DEER,MODELED_PREFERENCE,TARGET,True,Modeled by engine.utah_draw_predictive.dedicated_hunter.
hybrid_ml_v2.1.0,utah_preference_dedicated_hunter_deer_v1.0.0,2026,2026,DB1788,Fishlake,Deer,Buck,General Season,Dedicated Hunter,Nonresident,0,dedicated_hunter,6,4,,,,,0,,0,5,0.800000,,,0.800000,,,80.000,,,,ON EDGE,RED,MAY DRAW IN 5-10 YEARS,"2022,2025",2,2025,2022,predictive,preference_dedicated_hunter_deer,TRUE,Forecasted from 2025 dedicated hunter ladder with residency quota split and preference carry-forward.,Dedicated Hunter,PREFERENCE_DEDICATED_HUNTER_DEER,MODELED_PREFERENCE,TARGET,True,Modeled by engine.utah_draw_predictive.dedicated_hunter.
hybrid_ml_v2.1.0,utah_preference_dedicated_hunter_deer_v1.0.0,2026,2026,DB1788,Fishlake,Deer,Buck,General Season,Dedicated Hunter,Resident,0,dedicated_hunter,73,45,,,,,3,2,62,33,0.000000,,,0.000000,,,0.000,,2,-1,BEHIND,RED,POINT CREEP DEFEAT,"2022,2023,2025",3,2025,2022,predictive,preference_dedicated_hunter_deer,TRUE,Forecasted from 2025 dedicated hunter ladder with residency quota split and preference carry-forward.,Dedicated Hunter,PREFERENCE_DEDICATED_HUNTER_DEER,MODELED_PREFERENCE,TARGET,True,Modeled by engine.utah_draw_predictive.dedicated_hunter.
hybrid_ml_v2.1.0,utah_preference_dedicated_hunter_deer_v1.0.0,2026,2026,DB1788,Fishlake,Deer,Buck,General Season,Dedicated Hunter,Resident,1,dedicated_hunter,73,45,,,,,3,2,34,28,0.392857,,,0.392857,,,39.286,,1,-1,ON EDGE,RED,MAY DRAW IN 5-10 YEARS,"2022,2023,2025",3,2025,2022,predictive,preference_dedicated_hunter_deer,TRUE,Forecasted from 2025 dedicated hunter ladder with residency quota split and preference carry-forward.,Dedicated Hunter,PREFERENCE_DEDICATED_HUNTER_DEER,MODELED_PREFERENCE,TARGET,True,Modeled by engine.utah_draw_predictive.dedicated_hunter.
hybrid_ml_v2.1.0,utah_preference_dedicated_hunter_deer_v1.0.0,2026,2026,DB1788,Fishlake,Deer,Buck,General Season,Dedicated Hunter,Resident,2,dedicated_hunter,73,45,,,,,3,2,13,21,1.000000,,,1.000000,,,100.000,,0,-1,ABOVE CUTOFF,RED,GREEN LIGHT,"2022,2023,2025",3,2025,2022,predictive,preference_dedicated_hunter_deer,TRUE,Forecasted from 2025 dedicated hunter ladder with residency quota split and preference carry-forward.,Dedicated Hunter,PREFERENCE_DEDICATED_HUNTER_DEER,MODELED_PREFERENCE,TARGET,True,Modeled by engine.utah_draw_predictive.dedicated_hunter.
hybrid_ml_v2.1.0,utah_preference_dedicated_hunter_deer_v1.0.0,2026,2026,DB1788,Fishlake,Deer,Buck,General Season,Dedicated Hunter,Resident,3,dedicated_hunter,73,45,,,,,3,2,2,11,1.000000,,,1.000000,,,100.000,,-1,-1,ABOVE CUTOFF,RED,GREEN LIGHT,"2022,2023,2025",3,2025,2022,predictive,preference_dedicated_hunter_deer,TRUE,Forecasted from 2025 dedicated hunter ladder with residency quota split and preference carry-forward.,Dedicated Hunter,PREFERENCE_DEDICATED_HUNTER_DEER,MODELED_PREFERENCE,TARGET,True,Modeled by engine.utah_draw_predictive.dedicated_hunter.
hybrid_ml_v2.1.0,utah_preference_dedicated_hunter_deer_v1.0.0,2026,2026,DB1788,Fishlake,Deer,Buck,General Season,Dedicated Hunter,Resident,4,dedicated_hunter,73,45,,,,,3,2,0,2,1.000000,,,1.000000,,,100.000,,-2,-1,ABOVE CUTOFF,RED,GREEN LIGHT,"2022,2023,2025",3,2025,2022,predictive,preference_dedicated_hunter_deer,TRUE,Forecasted from 2025 dedicated hunter ladder with residency quota split and preference carry-forward.,Dedicated Hunter,PREFERENCE_DEDICATED_HUNTER_DEER,MODELED_PREFERENCE,TARGET,True,Modeled by engine.utah_draw_predictive.dedicated_hunter.
hybrid_ml_v2.1.0,utah_preference_dedicated_hunter_deer_v1.0.0,2026,2026,DB1790,"San Juan, Abajo Mtns",Deer,Buck,General Season,Dedicated Hunter,Nonresident,0,dedicated_hunter,16,56,,,,,0,0,0,15,1.000000,,,1.000000,,,100.000,,0,0,ABOVE CUTOFF,YELLOW,GREEN LIGHT,"2022,2023,2025",3,2025,2022,predictive,preference_dedicated_hunter_deer,TRUE,Forecasted from 2025 dedicated hunter ladder with residency quota split and preference carry-forward.,Dedicated Hunter,PREFERENCE_DEDICATED_HUNTER_DEER,MODELED_PREFERENCE,TARGET,True,Modeled by engine.utah_draw_predictive.dedicated_hunter.
hybrid_ml_v2.1.0,utah_preference_dedicated_hunter_deer_v1.0.0,2026,2026,DB1790,"San Juan, Abajo Mtns",Deer,Buck,General Season,Dedicated Hunter,Resident,0,dedicated_hunter,58,205,,,,,0,0,0,53,1.000000,,,1.000000,,,100.000,,0,0,ABOVE CUTOFF,YELLOW,GREEN LIGHT,"2022,2023,2025",3,2025,2022,predictive,preference_dedicated_hunter_deer,TRUE,Forecasted from 2025 dedicated hunter ladder with residency quota split and preference carry-forward.,Dedicated Hunter,PREFERENCE_DEDICATED_HUNTER_DEER,MODELED_PREFERENCE,TARGET,True,Modeled by engine.utah_draw_predictive.dedicated_hunter.
hybrid_ml_v2.1.0,utah_preference_dedicated_hunter_deer_v1.0.0,2026,2026,DB1791,Vernal/Bonanza,Deer,Buck,General Season,Dedicated Hunter,Nonresident,0,dedicated_hunter,3,1,,,,,0,,0,3,0.333333,,,0.333333,,,33.333,,,,ON EDGE,RED,MAY DRAW IN 5-10 YEARS,"2022,2023,2025",3,2025,2022,predictive,preference_dedicated_hunter_deer,TRUE,Forecasted from 2025 dedicated hunter ladder with residency quota split and preference carry-forward.,Dedicated Hunter,PREFERENCE_DEDICATED_HUNTER_DEER,MODELED_PREFERENCE,TARGET,True,Modeled by engine.utah_draw_predictive.dedicated_hunter.
hybrid_ml_v2.1.0,utah_preference_dedicated_hunter_deer_v1.0.0,2026,2026,DB1791,Vernal/Bonanza,Deer,Buck,General Season,Dedicated Hunter,Resident,0,dedicated_hunter,100,44,,,,,1,2,64,74,0.000000,,,0.000000,,,0.000,,2,1,BEHIND,GREEN,POINT CREEP DEFEAT,"2022,2023,2025",3,2025,2022,predictive,preference_dedicated_hunter_deer,TRUE,Forecasted from 2025 dedicated hunter ladder with residency quota split and preference carry-forward.,Dedicated Hunter,PREFERENCE_DEDICATED_HUNTER_DEER,MODELED_PREFERENCE,TARGET,True,Modeled by engine.utah_draw_predictive.dedicated_hunter.
hybrid_ml_v2.1.0,utah_preference_dedicated_hunter_deer_v1.0.0,2026,2026,DB1791,Vernal/Bonanza,Deer,Buck,General Season,Dedicated Hunter,Resident,1,dedicated_hunter,100,44,,,,,1,2,8,56,0.642857,,,0.642857,,,64.286,,1,1,ON EDGE,GREEN,MAY DRAW IN 5-10 YEARS,"2022,2023,2025",3,2025,2022,predictive,preference_dedicated_hunter_deer,TRUE,Forecasted from 2025 dedicated hunter ladder with residency quota split and preference carry-forward.,Dedicated Hunter,PREFERENCE_DEDICATED_HUNTER_DEER,MODELED_PREFERENCE,TARGET,True,Modeled by engine.utah_draw_predictive.dedicated_hunter.
hybrid_ml_v2.1.0,utah_preference_dedicated_hunter_deer_v1.0.0,2026,2026,DB1791,Vernal/Bonanza,Deer,Buck,General Season,Dedicated Hunter,Resident,2,dedicated_hunter,100,44,,,,,1,2,4,4,1.000000,,,1.000000,,,100.000,,0,1,ABOVE CUTOFF,GREEN,GREEN LIGHT,"2022,2023,2025",3,2025,2022,predictive,preference_dedicated_hunter_deer,TRUE,Forecasted from 2025 dedicated hunter ladder with residency quota split and preference carry-forward.,Dedicated Hunter,PREFERENCE_DEDICATED_HUNTER_DEER,MODELED_PREFERENCE,TARGET,True,Modeled by engine.utah_draw_predictive.dedicated_hunter.
hybrid_ml_v2.1.0,utah_preference_dedicated_hunter_deer_v1.0.0,2026,2026,DB1791,Vernal/Bonanza,Deer,Buck,General Season,Dedicated Hunter,Resident,3,dedicated_hunter,100,44,,,,,1,2,2,2,1.000000,,,1.000000,,,100.000,,-1,1,ABOVE CUTOFF,GREEN,GREEN LIGHT,"2022,2023,2025",3,2025,2022,predictive,preference_dedicated_hunter_deer,TRUE,Forecasted from 2025 dedicated hunter ladder with residency quota split and preference carry-forward.,Dedicated Hunter,PREFERENCE_DEDICATED_HUNTER_DEER,MODELED_PREFERENCE,TARGET,True,Modeled by engine.utah_draw_predictive.dedicated_hunter.
hybrid_ml_v2.1.0,utah_preference_dedicated_hunter_deer_v1.0.0,2026,2026,DB1791,Vernal/Bonanza,Deer,Buck,General Season,Dedicated Hunter,Resident,4,dedicated_hunter,100,44,,,,,1,2,0,2,1.000000,,,1.000000,,,100.000,,-2,1,ABOVE CUTOFF,GREEN,GREEN LIGHT,"2022,2023,2025",3,2025,2022,predictive,preference_dedicated_hunter_deer,TRUE,Forecasted from 2025 dedicated hunter ladder with residency quota split and preference carry-forward.,Dedicated Hunter,PREFERENCE_DEDICATED_HUNTER_DEER,MODELED_PREFERENCE,TARGET,True,Modeled by engine.utah_draw_predictive.dedicated_hunter.
hybrid_ml_v2.1.0,utah_preference_dedicated_hunter_deer_v1.0.0,2026,2026,DB1792,Yellowstone,Deer,Buck,General Season,Dedicated Hunter,Resident,0,dedicated_hunter,82,62,,,,,1,1,40,46,0.478261,,,0.478261,,,47.826,,1,0,ON EDGE,YELLOW,MAY DRAW IN 5-10 YEARS,"2022,2023,2025",3,2025,2022,predictive,preference_dedicated_hunter_deer,TRUE,Forecasted from 2025 dedicated hunter ladder with residency quota split and preference carry-forward.,Dedicated Hunter,PREFERENCE_DEDICATED_HUNTER_DEER,MODELED_PREFERENCE,TARGET,True,Modeled by engine.utah_draw_predictive.dedicated_hunter.
hybrid_ml_v2.1.0,utah_preference_dedicated_hunter_deer_v1.0.0,2026,2026,DB1792,Yellowstone,Deer,Buck,General Season,Dedicated Hunter,Resident,1,dedicated_hunter,82,62,,,,,1,1,7,33,1.000000,,,1.000000,,,100.000,,0,0,ABOVE CUTOFF,YELLOW,GREEN LIGHT,"2022,2023,2025",3,2025,2022,predictive,preference_dedicated_hunter_deer,TRUE,Forecasted from 2025 dedicated hunter ladder with residency quota split and preference carry-forward.,Dedicated Hunter,PREFERENCE_DEDICATED_HUNTER_DEER,MODELED_PREFERENCE,TARGET,True,Modeled by engine.utah_draw_predictive.dedicated_hunter.
hybrid_ml_v2.1.0,utah_preference_dedicated_hunter_deer_v1.0.0,2026,2026,DB1792,Yellowstone,Deer,Buck,General Season,Dedicated Hunter,Resident,2,dedicated_hunter,82,62,,,,,1,1,3,4,1.000000,,,1.000000,,,100.000,,-1,0,ABOVE CUTOFF,YELLOW,GREEN LIGHT,"2022,2023,2025",3,2025,2022,predictive,preference_dedicated_hunter_deer,TRUE,Forecasted from 2025 dedicated hunter ladder with residency quota split and preference carry-forward.,Dedicated Hunter,PREFERENCE_DEDICATED_HUNTER_DEER,MODELED_PREFERENCE,TARGET,True,Modeled by engine.utah_draw_predictive.dedicated_hunter.
hybrid_ml_v2.1.0,utah_preference_dedicated_hunter_deer_v1.0.0,2026,2026,DB1792,Yellowstone,Deer,Buck,General Season,Dedicated Hunter,Resident,3,dedicated_hunter,82,62,,,,,1,1,0,3,1.000000,,,1.000000,,,100.000,,-2,0,ABOVE CUTOFF,YELLOW,GREEN LIGHT,"2022,2023,2025",3,2025,2022,predictive,preference_dedicated_hunter_deer,TRUE,Forecasted from 2025 dedicated hunter ladder with residency quota split and preference carry-forward.,Dedicated Hunter,PREFERENCE_DEDICATED_HUNTER_DEER,MODELED_PREFERENCE,TARGET,True,Modeled by engine.utah_draw_predictive.dedicated_hunter.
hybrid_ml_v2.1.0,utah_preference_dedicated_hunter_deer_v1.0.0,2026,2026,DB1793,Southwest Desert,Deer,Buck,General Season,Dedicated Hunter,Nonresident,3,dedicated_hunter,1,23,,,,,5,3,1,1,1.000000,,,1.000000,,,100.000,,0,-2,ABOVE CUTOFF,RED,GREEN LIGHT,"2022,2023,2025",3,2025,2022,predictive,preference_dedicated_hunter_deer,TRUE,Forecasted from 2025 dedicated hunter ladder with residency quota split and preference carry-forward.,Dedicated Hunter,PREFERENCE_DEDICATED_HUNTER_DEER,MODELED_PREFERENCE,TARGET,True,Modeled by engine.utah_draw_predictive.dedicated_hunter.
hybrid_ml_v2.1.0,utah_preference_dedicated_hunter_deer_v1.0.0,2026,2026,DB1793,Southwest Desert,Deer,Buck,General Season,Dedicated Hunter,Nonresident,4,dedicated_hunter,1,23,,,,,5,3,0,1,1.000000,,,1.000000,,,100.000,,-1,-2,ABOVE CUTOFF,RED,GREEN LIGHT,"2022,2023,2025",3,2025,2022,predictive,preference_dedicated_hunter_deer,TRUE,Forecasted from 2025 dedicated hunter ladder with residency quota split and preference carry-forward.,Dedicated Hunter,PREFERENCE_DEDICATED_HUNTER_DEER,MODELED_PREFERENCE,TARGET,True,Modeled by engine.utah_draw_predictive.dedicated_hunter.
hybrid_ml_v2.1.0,utah_preference_dedicated_hunter_deer_v1.0.0,2026,2026,DB1793,Southwest Desert,Deer,Buck,General Season,Dedicated Hunter,Resident,0,dedicated_hunter,1,23,,,,,10,5,78,10,0.000000,,,0.000000,,,0.000,,5,-5,BEHIND,RED,POINT CREEP DEFEAT,"2022,2023,2025",3,2025,2022,predictive,preference_dedicated_hunter_deer,TRUE,Forecasted from 2025 dedicated hunter ladder with residency quota split and preference carry-forward.,Dedicated Hunter,PREFERENCE_DEDICATED_HUNTER_DEER,MODELED_PREFERENCE,TARGET,True,Modeled by engine.utah_draw_predictive.dedicated_hunter.
hybrid_ml_v2.1.0,utah_preference_dedicated_hunter_deer_v1.0.0,2026,2026,DB1793,Southwest Desert,Deer,Buck,General Season,Dedicated Hunter,Resident,1,dedicated_hunter,1,23,,,,,10,5,69,9,0.000000,,,0.000000,,,0.000,,4,-5,BEHIND,RED,POINT CREEP DEFEAT,"2022,2023,2025",3,2025,2022,predictive,preference_dedicated_hunter_deer,TRUE,Forecasted from 2025 dedicated hunter ladder with residency quota split and preference carry-forward.,Dedicated Hunter,PREFERENCE_DEDICATED_HUNTER_DEER,MODELED_PREFERENCE,TARGET,True,Modeled by engine.utah_draw_predictive.dedicated_hunter.
hybrid_ml_v2.1.0,utah_preference_dedicated_hunter_deer_v1.0.0,2026,2026,DB1793,Southwest Desert,Deer,Buck,General Season,Dedicated Hunter,Resident,2,dedicated_hunter,1,23,,,,,10,5,54,15,0.000000,,,0.000000,,,0.000,,3,-5,BEHIND,RED,POINT CREEP DEFEAT,"2022,2023,2025",3,2025,2022,predictive,preference_dedicated_hunter_deer,TRUE,Forecasted from 2025 dedicated hunter ladder with residency quota split and preference carry-forward.,Dedicated Hunter,PREFERENCE_DEDICATED_HUNTER_DEER,MODELED_PREFERENCE,TARGET,True,Modeled by engine.utah_draw_predictive.dedicated_hunter.
hybrid_ml_v2.1.0,utah_preference_dedicated_hunter_deer_v1.0.0,2026,2026,DB1793,Southwest Desert,Deer,Buck,General Season,Dedicated Hunter,Resident,3,dedicated_hunter,1,23,,,,,10,5,32,22,0.000000,,,0.000000,,,0.000,,2,-5,BEHIND,RED,POINT CREEP DEFEAT,"2022,2023,2025",3,2025,2022,predictive,preference_dedicated_hunter_deer,TRUE,Forecasted from 2025 dedicated hunter ladder with residency quota split and preference carry-forward.,Dedicated Hunter,PREFERENCE_DEDICATED_HUNTER_DEER,MODELED_PREFERENCE,TARGET,True,Modeled by engine.utah_draw_predictive.dedicated_hunter.
hybrid_ml_v2.1.0,utah_preference_dedicated_hunter_deer_v1.0.0,2026,2026,DB1793,Southwest Desert,Deer,Buck,General Season,Dedicated Hunter,Resident,4,dedicated_hunter,1,23,,,,,10,5,7,25,0.640000,,,0.640000,,,64.000,,1,-5,ON EDGE,RED,MAY DRAW IN 5-10 YEARS,"2022,2023,2025",3,2025,2022,predictive,preference_dedicated_hunter_deer,TRUE,Forecasted from 2025 dedicated hunter ladder with residency quota split and preference carry-forward.,Dedicated Hunter,PREFERENCE_DEDICATED_HUNTER_DEER,MODELED_PREFERENCE,TARGET,True,Modeled by engine.utah_draw_predictive.dedicated_hunter.
hybrid_ml_v2.1.0,utah_preference_dedicated_hunter_deer_v1.0.0,2026,2026,DB1793,Southwest Desert,Deer,Buck,General Season,Dedicated Hunter,Resident,5,dedicated_hunter,1,23,,,,,10,5,1,6,1.000000,,,1.000000,,,100.000,,0,-5,ABOVE CUTOFF,RED,GREEN LIGHT,"2022,2023,2025",3,2025,2022,predictive,preference_dedicated_hunter_deer,TRUE,Forecasted from 2025 dedicated hunter ladder with residency quota split and preference carry-forward.,Dedicated Hunter,PREFERENCE_DEDICATED_HUNTER_DEER,MODELED_PREFERENCE,TARGET,True,Modeled by engine.utah_draw_predictive.dedicated_hunter.
hybrid_ml_v2.1.0,utah_preference_dedicated_hunter_deer_v1.0.0,2026,2026,DB1793,Southwest Desert,Deer,Buck,General Season,Dedicated Hunter,Resident,6,dedicated_hunter,1,23,,,,,10,5,0,1,1.000000,,,1.000000,,,100.000,,-1,-5,ABOVE CUTOFF,RED,GREEN LIGHT,"2022,2023,2025",3,2025,2022,predictive,preference_dedicated_hunter_deer,TRUE,Forecasted from 2025 dedicated hunter ladder with residency quota split and preference carry-forward.,Dedicated Hunter,PREFERENCE_DEDICATED_HUNTER_DEER,MODELED_PREFERENCE,TARGET,True,Modeled by engine.utah_draw_predictive.dedicated_hunter.
hybrid_ml_v2.1.0,utah_preference_dedicated_hunter_deer_v1.0.0,2026,2026,DB1794,"Wasatch Mtns, East",Deer,Buck,General Season,Dedicated Hunter,Nonresident,0,dedicated_hunter,3,2,,,,,0,0,0,1,1.000000,,,1.000000,,,100.000,,0,0,ABOVE CUTOFF,YELLOW,GREEN LIGHT,"2022,2025",2,2025,2022,predictive,preference_dedicated_hunter_deer,TRUE,Forecasted from 2025 dedicated hunter ladder with residency quota split and preference carry-forward.,Dedicated Hunter,PREFERENCE_DEDICATED_HUNTER_DEER,MODELED_PREFERENCE,TARGET,True,Modeled by engine.utah_draw_predictive.dedicated_hunter.
hybrid_ml_v2.1.0,utah_preference_dedicated_hunter_deer_v1.0.0,2026,2026,DB1794,"Wasatch Mtns, East",Deer,Buck,General Season,Dedicated Hunter,Resident,0,dedicated_hunter,360,269,,,,,1,1,135,176,0.761364,,,0.761364,,,76.136,,1,0,ON EDGE,YELLOW,MAY DRAW IN 5-10 YEARS,"2022,2023,2025",3,2025,2022,predictive,preference_dedicated_hunter_deer,TRUE,Forecasted from 2025 dedicated hunter ladder with residency quota split and preference carry-forward.,Dedicated Hunter,PREFERENCE_DEDICATED_HUNTER_DEER,MODELED_PREFERENCE,TARGET,True,Modeled by engine.utah_draw_predictive.dedicated_hunter.
hybrid_ml_v2.1.0,utah_preference_dedicated_hunter_deer_v1.0.0,2026,2026,DB1794,"Wasatch Mtns, East",Deer,Buck,General Season,Dedicated Hunter,Resident,1,dedicated_hunter,360,269,,,,,1,1,14,121,1.000000,,,1.000000,,,100.000,,0,0,ABOVE CUTOFF,YELLOW,GREEN LIGHT,"2022,2023,2025",3,2025,2022,predictive,preference_dedicated_hunter_deer,TRUE,Forecasted from 2025 dedicated hunter ladder with residency quota split and preference carry-forward.,Dedicated Hunter,PREFERENCE_DEDICATED_HUNTER_DEER,MODELED_PREFERENCE,TARGET,True,Modeled by engine.utah_draw_predictive.dedicated_hunter.
hybrid_ml_v2.1.0,utah_preference_dedicated_hunter_deer_v1.0.0,2026,2026,DB1794,"Wasatch Mtns, East",Deer,Buck,General Season,Dedicated Hunter,Resident,2,dedicated_hunter,360,269,,,,,1,1,2,12,1.000000,,,1.000000,,,100.000,,-1,0,ABOVE CUTOFF,YELLOW,GREEN LIGHT,"2022,2023,2025",3,2025,2022,predictive,preference_dedicated_hunter_deer,TRUE,Forecasted from 2025 dedicated hunter ladder with residency quota split and preference carry-forward.,Dedicated Hunter,PREFERENCE_DEDICATED_HUNTER_DEER,MODELED_PREFERENCE,TARGET,True,Modeled by engine.utah_draw_predictive.dedicated_hunter.
hybrid_ml_v2.1.0,utah_preference_dedicated_hunter_deer_v1.0.0,2026,2026,DB1794,"Wasatch Mtns, East",Deer,Buck,General Season,Dedicated Hunter,Resident,3,dedicated_hunter,360,269,,,,,1,1,0,2,1.000000,,,1.000000,,,100.000,,-2,0,ABOVE CUTOFF,YELLOW,GREEN LIGHT,"2022,2023,2025",3,2025,2022,predictive,preference_dedicated_hunter_deer,TRUE,Forecasted from 2025 dedicated hunter ladder with residency quota split and preference carry-forward.,Dedicated Hunter,PREFERENCE_DEDICATED_HUNTER_DEER,MODELED_PREFERENCE,TARGET,True,Modeled by engine.utah_draw_predictive.dedicated_hunter.
hybrid_ml_v2.1.0,utah_preference_dedicated_hunter_deer_v1.0.0,2026,2026,DB1795,"Wasatch Mtns, West",Deer,Buck,General Season,Dedicated Hunter,Nonresident,0,dedicated_hunter,3,13,,,,,0,0,0,3,1.000000,,,1.000000,,,100.000,,0,0,ABOVE CUTOFF,YELLOW,GREEN LIGHT,"2022,2023,2025",3,2025,2022,predictive,preference_dedicated_hunter_deer,TRUE,Forecasted from 2025 dedicated hunter ladder with residency quota split and preference carry-forward.,Dedicated Hunter,PREFERENCE_DEDICATED_HUNTER_DEER,MODELED_PREFERENCE,TARGET,True,Modeled by engine.utah_draw_predictive.dedicated_hunter.
hybrid_ml_v2.1.0,utah_preference_dedicated_hunter_deer_v1.0.0,2026,2026,DB1795,"Wasatch Mtns, West",Deer,Buck,General Season,Dedicated Hunter,Resident,0,dedicated_hunter,156,688,,,,,1,0,2,144,1.000000,,,1.000000,,,100.000,,0,-1,ABOVE CUTOFF,RED,GREEN LIGHT,"2022,2023,2025",3,2025,2022,predictive,preference_dedicated_hunter_deer,TRUE,Forecasted from 2025 dedicated hunter ladder with residency quota split and preference carry-forward.,Dedicated Hunter,PREFERENCE_DEDICATED_HUNTER_DEER,MODELED_PREFERENCE,TARGET,True,Modeled by engine.utah_draw_predictive.dedicated_hunter.
hybrid_ml_v2.1.0,utah_preference_dedicated_hunter_deer_v1.0.0,2026,2026,DB1795,"Wasatch Mtns, West",Deer,Buck,General Season,Dedicated Hunter,Resident,1,dedicated_hunter,156,688,,,,,1,0,0,2,1.000000,,,1.000000,,,100.000,,-1,-1,ABOVE CUTOFF,RED,GREEN LIGHT,"2022,2023,2025",3,2025,2022,predictive,preference_dedicated_hunter_deer,TRUE,Forecasted from 2025 dedicated hunter ladder with residency quota split and preference carry-forward.,Dedicated Hunter,PREFERENCE_DEDICATED_HUNTER_DEER,MODELED_PREFERENCE,TARGET,True,Modeled by engine.utah_draw_predictive.dedicated_hunter.
hybrid_ml_v2.1.0,utah_preference_dedicated_hunter_deer_v1.0.0,2026,2026,DB1798,Zion,Deer,Buck,General Season,Dedicated Hunter,Nonresident,0,dedicated_hunter,3,26,,,,,3,0,14,7,1.000000,,,1.000000,,,100.000,,0,-3,ABOVE CUTOFF,RED,GREEN LIGHT,"2022,2023,2025",3,2025,2022,predictive,preference_dedicated_hunter_deer,TRUE,Forecasted from 2025 dedicated hunter ladder with residency quota split and preference carry-forward.,Dedicated Hunter,PREFERENCE_DEDICATED_HUNTER_DEER,MODELED_PREFERENCE,TARGET,True,Modeled by engine.utah_draw_predictive.dedicated_hunter.
hybrid_ml_v2.1.0,utah_preference_dedicated_hunter_deer_v1.0.0,2026,2026,DB1798,Zion,Deer,Buck,General Season,Dedicated Hunter,Nonresident,1,dedicated_hunter,3,26,,,,,3,0,8,6,1.000000,,,1.000000,,,100.000,,-1,-3,ABOVE CUTOFF,RED,GREEN LIGHT,"2022,2023,2025",3,2025,2022,predictive,preference_dedicated_hunter_deer,TRUE,Forecasted from 2025 dedicated hunter ladder with residency quota split and preference carry-forward.,Dedicated Hunter,PREFERENCE_DEDICATED_HUNTER_DEER,MODELED_PREFERENCE,TARGET,True,Modeled by engine.utah_draw_predictive.dedicated_hunter.
hybrid_ml_v2.1.0,utah_preference_dedicated_hunter_deer_v1.0.0,2026,2026,DB1798,Zion,Deer,Buck,General Season,Dedicated Hunter,Nonresident,2,dedicated_hunter,3,26,,,,,3,0,1,7,1.000000,,,1.000000,,,100.000,,-2,-3,ABOVE CUTOFF,RED,GREEN LIGHT,"2022,2023,2025",3,2025,2022,predictive,preference_dedicated_hunter_deer,TRUE,Forecasted from 2025 dedicated hunter ladder with residency quota split and preference carry-forward.,Dedicated Hunter,PREFERENCE_DEDICATED_HUNTER_DEER,MODELED_PREFERENCE,TARGET,True,Modeled by engine.utah_draw_predictive.dedicated_hunter.
hybrid_ml_v2.1.0,utah_preference_dedicated_hunter_deer_v1.0.0,2026,2026,DB1798,Zion,Deer,Buck,General Season,Dedicated Hunter,Nonresident,3,dedicated_hunter,3,26,,,,,3,0,0,1,1.000000,,,1.000000,,,100.000,,-3,-3,ABOVE CUTOFF,RED,GREEN LIGHT,"2022,2023,2025",3,2025,2022,predictive,preference_dedicated_hunter_deer,TRUE,Forecasted from 2025 dedicated hunter ladder with residency quota split and preference carry-forward.,Dedicated Hunter,PREFERENCE_DEDICATED_HUNTER_DEER,MODELED_PREFERENCE,TARGET,True,Modeled by engine.utah_draw_predictive.dedicated_hunter.
hybrid_ml_v2.1.0,utah_preference_dedicated_hunter_deer_v1.0.0,2026,2026,DB1798,Zion,Deer,Buck,General Season,Dedicated Hunter,Resident,0,dedicated_hunter,26,230,,,,,3,1,182,85,0.564706,,,0.564706,,,56.471,,1,-2,ON EDGE,RED,MAY DRAW IN 5-10 YEARS,"2022,2023,2025",3,2025,2022,predictive,preference_dedicated_hunter_deer,TRUE,Forecasted from 2025 dedicated hunter ladder with residency quota split and preference carry-forward.,Dedicated Hunter,PREFERENCE_DEDICATED_HUNTER_DEER,MODELED_PREFERENCE,TARGET,True,Modeled by engine.utah_draw_predictive.dedicated_hunter.
hybrid_ml_v2.1.0,utah_preference_dedicated_hunter_deer_v1.0.0,2026,2026,DB1798,Zion,Deer,Buck,General Season,Dedicated Hunter,Resident,1,dedicated_hunter,26,230,,,,,3,1,110,72,1.000000,,,1.000000,,,100.000,,0,-2,ABOVE CUTOFF,RED,GREEN LIGHT,"2022,2023,2025",3,2025,2022,predictive,preference_dedicated_hunter_deer,TRUE,Forecasted from 2025 dedicated hunter ladder with residency quota split and preference carry-forward.,Dedicated Hunter,PREFERENCE_DEDICATED_HUNTER_DEER,MODELED_PREFERENCE,TARGET,True,Modeled by engine.utah_draw_predictive.dedicated_hunter.
hybrid_ml_v2.1.0,utah_preference_dedicated_hunter_deer_v1.0.0,2026,2026,DB1798,Zion,Deer,Buck,General Season,Dedicated Hunter,Resident,2,dedicated_hunter,26,230,,,,,3,1,47,63,1.000000,,,1.000000,,,100.000,,-1,-2,ABOVE CUTOFF,RED,GREEN LIGHT,"2022,2023,2025",3,2025,2022,predictive,preference_dedicated_hunter_deer,TRUE,Forecasted from 2025 dedicated hunter ladder with residency quota split and preference carry-forward.,Dedicated Hunter,PREFERENCE_DEDICATED_HUNTER_DEER,MODELED_PREFERENCE,TARGET,True,Modeled by engine.utah_draw_predictive.dedicated_hunter.
hybrid_ml_v2.1.0,utah_preference_dedicated_hunter_deer_v1.0.0,2026,2026,DB1798,Zion,Deer,Buck,General Season,Dedicated Hunter,Resident,3,dedicated_hunter,26,230,,,,,3,1,0,47,1.000000,,,1.000000,,,100.000,,-2,-2,ABOVE CUTOFF,RED,GREEN LIGHT,"2022,2023,2025",3,2025,2022,predictive,preference_dedicated_hunter_deer,TRUE,Forecasted from 2025 dedicated hunter ladder with residency quota split and preference carry-forward.,Dedicated Hunter,PREFERENCE_DEDICATED_HUNTER_DEER,MODELED_PREFERENCE,TARGET,True,Modeled by engine.utah_draw_predictive.dedicated_hunter.
