guidebook_code,guidebook_prefix,guidebook_species_inferred,guidebook_hunt_name_candidate,guidebook_page,guidebook_line
DB0008,DB,Deer,selecting hunt number,8,selecting hunt number DB0008. This permit will
DB1611,DB,Deer,"Beaver, East (new)",39,"Beaver, East (new) DB1611 Aug. 16-Sept. 12"
DB1614,DB,Deer,"Beaver, West (new)",39,"Beaver, West (new) DB1614 Aug. 16-Sept. 12"
DB1518,DB,Deer,Boulder/Kaiparowits,39,Boulder/Kaiparowits DB1518 Aug. 16-Sept. 12
DB1501,DB,Deer,Box Elder,39,Box Elder DB1501 Aug. 16-Sept. 12
DB1502,DB,Deer,Cache,39,Cache DB1502 Aug. 16-Sept. 12
DB1623,DB,Deer,Cedar/Stansbury (new),39,Cedar/Stansbury (new) DB1623 Aug. 16-Sept. 12
DB1600,DB,Deer,Chalk Creek,39,Chalk Creek DB1600 Aug. 16-Sept. 12
DB1604,DB,Deer,East Canyon,39,East Canyon DB1604 Aug. 16-Sept. 12
DB1506,DB,Deer,Fillmore,39,Fillmore DB1506 Aug. 16-Sept. 12
DB1519,DB,Deer,Fishlake,39,Fishlake DB1519 Aug. 16-Sept. 12
DB1508,DB,Deer,Kamas,39,Kamas DB1508 Aug. 16-Sept. 12
DB1509,DB,Deer,"La Sal, La Sal Mtns",39,"La Sal, La Sal Mtns DB1509 Aug. 16-Sept. 12"
DB1503,DB,Deer,Manti/San Rafael,39,Manti/San Rafael DB1503 Aug. 16-Sept. 12
DB1510,DB,Deer,Monroe,39,Monroe DB1510 Aug. 16-Sept. 12
DB1608,DB,Deer,Morgan-South Rich,39,Morgan-South Rich DB1608 Aug. 16-Sept. 12
DB1511,DB,Deer,Mt Dutton,39,Mt Dutton DB1511 Aug. 16-Sept. 12
DB1504,DB,Deer,Nebo,39,Nebo DB1504 Aug. 16-Sept. 12
DB1512,DB,Deer,Nine Mile,39,Nine Mile DB1512 Aug. 16-Sept. 12
DB1513,DB,Deer,North Slope,39,North Slope DB1513 Aug. 16-Sept. 12
DB1514,DB,Deer,Ogden,39,Ogden DB1514 Aug. 16-Sept. 12
DB1620,DB,Deer,Oquirrh/Tintic (new),39,Oquirrh/Tintic (new) DB1620 Aug. 16-Sept. 12
DB1516,DB,Deer,Panguitch Lake,39,Panguitch Lake DB1516 Aug. 16-Sept. 12
DB1517,DB,Deer,Pine Valley,39,Pine Valley DB1517 Aug. 16-Sept. 12
DB1521,DB,Deer,"San Juan, Abajo Mtns",39,"San Juan, Abajo Mtns DB1521 Aug. 16-Sept. 12"
DB1524,DB,Deer,Southwest Desert,39,Southwest Desert DB1524 Aug. 16-Sept. 12
DB1522,DB,Deer,Vernal/Bonanza,39,Vernal/Bonanza DB1522 Aug. 16-Sept. 12
DB1525,DB,Deer,"Wasatch Mtns, East",40,"Wasatch Mtns, East DB1525 Aug. 16-Sept. 12"
DB1526,DB,Deer,"Wasatch Mtns, West",40,"Wasatch Mtns, West DB1526 Aug. 16-Sept. 12"
DB1617,DB,Deer,"West Desert, Swasey (new)",40,"West Desert, Swasey (new) DB1617 Aug. 16-Sept. 12"
DB1523,DB,Deer,Yellowstone,40,Yellowstone DB1523 Aug. 16-Sept. 12
DB1529,DB,Deer,Zion,40,Zion DB1529 Aug. 16-Sept. 12
DB0008,DB,Deer,Deer extended archery only (new),40,Deer extended archery only (new) DB0008 See page 8
DB1631,DB,Deer,Box Elder (new),40,Box Elder (new) DB1631 Oct. 8-Oct. 12
DB1601,DB,Deer,Chalk Creek,40,Chalk Creek DB1601 Oct. 8-Oct. 12
DB1605,DB,Deer,East Canyon,40,East Canyon DB1605 Oct. 8-Oct. 12
DB1591,DB,Deer,Fillmore,40,Fillmore DB1591 Oct. 8-Oct. 12
DB1596,DB,Deer,Fishlake,40,Fishlake DB1596 Oct. 8-Oct. 12
DB1592,DB,Deer,Kamas,40,Kamas DB1592 Oct. 8-Oct. 12
DB1609,DB,Deer,Morgan-South Rich,40,Morgan-South Rich DB1609 Oct. 8-Oct. 12
DB1593,DB,Deer,Nine Mile,40,Nine Mile DB1593 Oct. 8-Oct. 12
DB1598,DB,Deer,North Slope,40,North Slope DB1598 Oct. 8-Oct. 12
DB1594,DB,Deer,Panguitch Lake,40,Panguitch Lake DB1594 Oct. 8-Oct. 12
DB1595,DB,Deer,Pine Valley,40,Pine Valley DB1595 Oct. 8-Oct. 12
DB1597,DB,Deer,Zion,40,Zion DB1597 Oct. 8-Oct. 12
DB1613,DB,Deer,"Beaver, East (new)",41,"Beaver, East (new) DB1613 Oct. 18-Oct. 26"
DB1531,DB,Deer,Box Elder,41,Box Elder DB1531 Oct. 18-Oct. 26
DB1625,DB,Deer,Cedar/Stansbury (new),41,Cedar/Stansbury (new) DB1625 Oct. 18-Oct. 26
DB1599,DB,Deer,Chalk Creek,41,Chalk Creek DB1599 Oct. 18-Oct. 26
DB1603,DB,Deer,East Canyon,41,East Canyon DB1603 Oct. 18-Oct. 26
DB1536,DB,Deer,Fillmore,41,Fillmore DB1536 Oct. 18-Oct. 26
DB1549,DB,Deer,Fishlake,41,Fishlake DB1549 Oct. 18-Oct. 26
DB1538,DB,Deer,Kamas,41,Kamas DB1538 Oct. 18-Oct. 26
DB1539,DB,Deer,"La Sal, La Sal Mtns",41,"La Sal, La Sal Mtns DB1539 Oct. 18-Oct. 26"
DB1533,DB,Deer,Manti/San Rafael,41,Manti/San Rafael DB1533 Oct. 18-Oct. 26
DB1540,DB,Deer,Monroe,41,Monroe DB1540 Oct. 18-Oct. 26
DB1607,DB,Deer,Morgan-South Rich,41,Morgan-South Rich DB1607 Oct. 18-Oct. 26
DB1541,DB,Deer,Mt Dutton,41,Mt Dutton DB1541 Oct. 18-Oct. 26
DB1534,DB,Deer,Nebo,41,Nebo DB1534 Oct. 18-Oct. 26
DB1542,DB,Deer,Nine Mile,41,Nine Mile DB1542 Oct. 18-Oct. 26
DB1543,DB,Deer,North Slope,41,North Slope DB1543 Oct. 18-Oct. 26
DB1544,DB,Deer,Ogden,41,Ogden DB1544 Oct. 18-Oct. 26
DB1622,DB,Deer,Oquirrh/Tintic (new),41,Oquirrh/Tintic (new) DB1622 Oct. 18-Oct. 26
DB1546,DB,Deer,Panguitch Lake,41,Panguitch Lake DB1546 Oct. 18-Oct. 26
DB1547,DB,Deer,Pine Valley,41,Pine Valley DB1547 Oct. 18-Oct. 26
DB1551,DB,Deer,"San Juan, Abajo Mtns",41,"San Juan, Abajo Mtns DB1551 Oct. 18-Oct. 26"
DB1554,DB,Deer,Southwest Desert,41,Southwest Desert DB1554 Oct. 18-Oct. 26
DB1552,DB,Deer,Vernal/Bonanza,41,Vernal/Bonanza DB1552 Oct. 18-Oct. 26
DB1555,DB,Deer,"Wasatch Mtns, East",41,"Wasatch Mtns, East DB1555 Oct. 18-Oct. 26"
DB1556,DB,Deer,"Wasatch Mtns, West",41,"Wasatch Mtns, West DB1556 Oct. 18-Oct. 26"
DB1619,DB,Deer,"West Desert, Swasey (new)",41,"West Desert, Swasey (new) DB1619 Oct. 18-Oct. 26"
DB1553,DB,Deer,Yellowstone,41,Yellowstone DB1553 Oct. 18-Oct. 26
DB1559,DB,Deer,Zion,41,Zion DB1559 Oct. 18-Oct. 26
DB1612,DB,Deer,"Beaver, East (new)",42,"Beaver, East (new) DB1612 Sept. 24-Oct. 2"
DB1561,DB,Deer,Box Elder,42,Box Elder DB1561 Sept. 24-Oct. 2
DB1624,DB,Deer,Cedar/Stansbury (new),42,Cedar/Stansbury (new) DB1624 Sept. 24-Oct. 2
DB1602,DB,Deer,Chalk Creek,42,Chalk Creek DB1602 Sept. 24-Oct. 2
DB1606,DB,Deer,East Canyon,42,East Canyon DB1606 Sept. 24-Oct. 2
DB1566,DB,Deer,Fillmore,42,Fillmore DB1566 Sept. 24-Oct. 2
DB1579,DB,Deer,Fishlake,42,Fishlake DB1579 Sept. 24-Oct. 2
DB1568,DB,Deer,Kamas,42,Kamas DB1568 Sept. 24-Oct. 2
DB1569,DB,Deer,"La Sal, La Sal Mtns",42,"La Sal, La Sal Mtns DB1569 Sept. 24-Oct. 2"
DB1563,DB,Deer,Manti/San Rafael,42,Manti/San Rafael DB1563 Sept. 24-Oct. 2
DB1570,DB,Deer,Monroe,42,Monroe DB1570 Sept. 24-Oct. 2
DB1610,DB,Deer,Morgan-South Rich,42,Morgan-South Rich DB1610 Sept. 24-Oct. 2
DB1571,DB,Deer,Mt Dutton,42,Mt Dutton DB1571 Sept. 24-Oct. 2
DB1564,DB,Deer,Nebo,42,Nebo DB1564 Sept. 24-Oct. 2
DB1572,DB,Deer,Nine Mile,42,Nine Mile DB1572 Sept. 24-Oct. 2
DB1573,DB,Deer,North Slope,42,North Slope DB1573 Sept. 24-Oct. 2
DB1574,DB,Deer,Ogden,42,Ogden DB1574 Sept. 24-Oct. 2
DB1621,DB,Deer,Oquirrh/Tintic (new),42,Oquirrh/Tintic (new) DB1621 Sept. 24-Oct. 2
DB1576,DB,Deer,Panguitch Lake,42,Panguitch Lake DB1576 Sept. 24-Oct. 2
DB1577,DB,Deer,Pine Valley,42,Pine Valley DB1577 Sept. 24-Oct. 2
DB1581,DB,Deer,"San Juan, Abajo Mtns",42,"San Juan, Abajo Mtns DB1581 Sept. 24-Oct. 2"
DB1584,DB,Deer,Southwest Desert,42,Southwest Desert DB1584 Sept. 24-Oct. 2
DB1616,DB,Deer,"Beaver, West (new)",42,"Beaver, West (new) DB1616 Oct. 18-Oct. 26"
DB1629,DB,Deer,Boulder/Kaiparowits (new),42,Boulder/Kaiparowits (new) DB1629 Oct. 18-Oct. 26
DB1627,DB,Deer,Cache (new),42,Cache (new) DB1627 Oct. 18-Oct. 26
DB1582,DB,Deer,Vernal/Bonanza,43,Vernal/Bonanza DB1582 Sept. 24-Oct. 2
DB1585,DB,Deer,"Wasatch Mtns, East",43,"Wasatch Mtns, East DB1585 Sept. 24-Oct. 2"
DB1586,DB,Deer,"Wasatch Mtns, West",43,"Wasatch Mtns, West DB1586 Sept. 24-Oct. 2"
DB1618,DB,Deer,"West Desert, Swasey (new)",43,"West Desert, Swasey (new) DB1618 Sept. 24-Oct. 2"
DB1583,DB,Deer,Yellowstone,43,Yellowstone DB1583 Sept. 24-Oct. 2
DB1589,DB,Deer,Zion,43,Zion DB1589 Sept. 24-Oct. 2
DB1615,DB,Deer,"Beaver, West (new)",43,"Beaver, West (new) DB1615 Sept. 24-Oct. 2"
DB1630,DB,Deer,Boulder/Kaiparowits (new),43,Boulder/Kaiparowits (new) DB1630 Sept. 24-Oct. 2
DB1628,DB,Deer,Cache (new),43,Cache (new) DB1628 Sept. 24-Oct. 2
DB1802,DB,Deer,"Beaver, East (new)",43,"Beaver, East (new) DB1802"
DB1803,DB,Deer,"Beaver, West* (new)",43,"Beaver, West* (new) DB1803"
DB1787,DB,Deer,Boulder/Kaiparowits,43,Boulder/Kaiparowits* DB1787
DB1770,DB,Deer,Box Elder,43,Box Elder DB1770
DB1771,DB,Deer,Cache,43,Cache* DB1771
DB1804,DB,Deer,Cedar/Stansbury (new),43,Cedar/Stansbury (new) DB1804
DB1799,DB,Deer,Chalk Creek,43,Chalk Creek DB1799
DB1800,DB,Deer,East Canyon,43,East Canyon DB1800
DB1775,DB,Deer,Fillmore,43,Fillmore DB1775
DB1788,DB,Deer,Fishlake,43,Fishlake DB1788
DB1777,DB,Deer,Kamas,44,Kamas DB1777
DB1778,DB,Deer,"La Sal, La Sal Mtns",44,"La Sal, La Sal Mtns DB1778"
DB1772,DB,Deer,Manti/San Rafael,44,Manti/San Rafael DB1772
DB1779,DB,Deer,Monroe,44,Monroe DB1779
DB1801,DB,Deer,Morgan-South Rich,44,Morgan-South Rich DB1801
DB1780,DB,Deer,Mt Dutton,44,Mt Dutton DB1780
DB1773,DB,Deer,Nebo,44,Nebo DB1773
DB1781,DB,Deer,Nine Mile,44,Nine Mile DB1781
DB1782,DB,Deer,North Slope,44,North Slope DB1782
DB1783,DB,Deer,Ogden,44,Ogden DB1783
DB1805,DB,Deer,Oquirrh/Tintic (new),44,Oquirrh/Tintic (new) DB1805
DB1785,DB,Deer,Panguitch Lake,44,Panguitch Lake DB1785
DB1786,DB,Deer,Pine Valley,44,Pine Valley DB1786
DB1790,DB,Deer,"San Juan, Abajo Mtns",44,"San Juan, Abajo Mtns DB1790"
DB1793,DB,Deer,Southwest Desert,44,Southwest Desert DB1793
DB1791,DB,Deer,Vernal/Bonanza,44,Vernal/Bonanza DB1791
DB1794,DB,Deer,"Wasatch Mtns, East",44,"Wasatch Mtns, East DB1794"
DB1795,DB,Deer,"Wasatch Mtns, West",44,"Wasatch Mtns, West DB1795"
DB1806,DB,Deer,"West Desert, Swasey (new)",44,"West Desert, Swasey (new) DB1806"
DB1792,DB,Deer,Yellowstone,44,Yellowstone DB1792
DB1798,DB,Deer,Zion,44,Zion DB1798
DB1000,DB,Deer,Henry Mtns,45,Henry Mtns DB1000 Aug. 16-Sept. 12
DB1001,DB,Deer,Paunsaugunt,45,Paunsaugunt DB1001 Aug. 16-Sept. 12
DB1002,DB,Deer,Antelope Island,45,Antelope Island DB1002 Nov. 12-Nov. 19
DB1003,DB,Deer,Henry Mtns,45,Henry Mtns DB1003 Oct. 18-Oct. 26
DB1004,DB,Deer,Paunsaugunt,45,Paunsaugunt DB1004 Oct. 18-Oct. 31
DB1005,DB,Deer,Henry Mtns,45,Henry Mtns DB1005 Sept. 24-Oct. 2
DB1006,DB,Deer,Paunsaugunt,45,Paunsaugunt DB1006 Sept. 24-Oct. 2
DB1007,DB,Deer,Henry Mtns,45,"Henry Mtns DB1007 See DB1000, DB1003 and DB1005"
DB1000,DB,Deer,Henry Mtns DB1007 See,45,"Henry Mtns DB1007 See DB1000, DB1003 and DB1005"
DB1003,DB,Deer,"Henry Mtns DB1007 See DB1000,",45,"Henry Mtns DB1007 See DB1000, DB1003 and DB1005"
DB1005,DB,Deer,"Henry Mtns DB1007 See DB1000, DB1003 and",45,"Henry Mtns DB1007 See DB1000, DB1003 and DB1005"
DB1008,DB,Deer,Paunsaugunt,45,"Paunsaugunt DB1008 See DB1001, DB1004 and DB1006"
DB1001,DB,Deer,Paunsaugunt DB1008 See,45,"Paunsaugunt DB1008 See DB1001, DB1004 and DB1006"
DB1004,DB,Deer,"Paunsaugunt DB1008 See DB1001,",45,"Paunsaugunt DB1008 See DB1001, DB1004 and DB1006"
DB1006,DB,Deer,"Paunsaugunt DB1008 See DB1001, DB1004 and",45,"Paunsaugunt DB1008 See DB1001, DB1004 and DB1006"
DB1073,DB,Deer,Paunsaugunt (archery),46,Paunsaugunt (archery) DB1073 Aug. 16-Sept. 12
DB1074,DB,Deer,Paunsaugunt (muzzleloader),46,Paunsaugunt (muzzleloader) DB1074 Sept. 24-Oct. 2
DB1009,DB,Deer,Henry Mtns (any legal weapon) (new),46,Henry Mtns (any legal weapon) (new) DB1009 Oct. 27-Oct. 31
DB1010,DB,Deer,Paunsaugunt (any legal weapon),46,Paunsaugunt (any legal weapon) DB1010 Nov. 1-Nov. 20
DB1058,DB,Deer,Paunsaugunt,46,Paunsaugunt DB1058 Nov. 1-Nov. 20
DB1011,DB,Deer,Book Cliffs,46,Book Cliffs DB1011 Aug. 16-Sept. 12
DB1015,DB,Deer,Diamond Mtn,46,Diamond Mtn DB1015 Aug. 16-Sept. 12
DB1012,DB,Deer,"Fillmore, Oak Creek LE",46,"Fillmore, Oak Creek LE DB1012 Aug. 16-Sept. 12"
DB1013,DB,Deer,"La Sal, Dolores Triangle",46,"La Sal, Dolores Triangle DB1013 Nov. 1-Nov. 14"
DB1014,DB,Deer,"San Juan, Elk Ridge",46,"San Juan, Elk Ridge DB1014 Aug. 16-Sept. 12"
DB1016,DB,Deer,"West Desert, Vernon",46,"West Desert, Vernon DB1016 Aug. 16-Sept. 12"
DB1106,DB,Deer,Thousand Lakes (new),46,Thousand Lakes (new) DB1106 Aug. 16-Sept. 12
DB1017,DB,Deer,"Book Cliffs, North",47,"Book Cliffs, North DB1017 Oct. 18-Oct. 26"
DB1018,DB,Deer,"Book Cliffs, South",47,"Book Cliffs, South DB1018 Oct. 18-Oct. 26"
DB1023,DB,Deer,Diamond Mtn,47,Diamond Mtn DB1023 Oct. 18-Oct. 26
DB1019,DB,Deer,"Fillmore, Oak Creek LE",47,"Fillmore, Oak Creek LE DB1019 Oct. 18-Oct. 26"
DB1115,DB,Deer,"Henry Mtns, Little Rockies (new)",47,"Henry Mtns, Little Rockies (new) DB1115 Nov. 8-Nov. 30"
DB1120,DB,Deer,"La Sal, Castle Valley (new)",47,"La Sal, Castle Valley (new)* DB1120 Nov. 8-Nov. 23"
DB1020,DB,Deer,"La Sal, Dolores Triangle",47,"La Sal, Dolores Triangle DB1020 Nov. 15-Nov. 23"
DB1119,DB,Deer,"La Sal, Moab Valley (new)",47,"La Sal, Moab Valley (new)* DB1119 Nov. 8-Nov. 23"
DB1022,DB,Deer,"San Juan, Elk Ridge",47,"San Juan, Elk Ridge DB1022 Oct. 18-Oct. 26"
DB1024,DB,Deer,"West Desert, Vernon",47,"West Desert, Vernon DB1024 Oct. 18-Oct. 26"
DB1108,DB,Deer,Thousand Lakes (new),47,Thousand Lakes (new) DB1108 Oct. 18-Oct. 26
DB1025,DB,Deer,Book Cliffs,47,Book Cliffs DB1025 Sept. 24-Oct. 2
DB1026,DB,Deer,"Cache, Crawford Mtn",47,"Cache, Crawford Mtn DB1026 Nov. 8-Nov. 23"
DB1038,DB,Deer,Diamond Mtn,47,Diamond Mtn DB1038 Sept. 24-Oct. 2
DB1029,DB,Deer,"Fillmore, Oak Creek LE",47,"Fillmore, Oak Creek LE DB1029 Sept. 24-Oct. 2"
DB1031,DB,Deer,"La Sal, Dolores Triangle",47,"La Sal, Dolores Triangle DB1031 Nov. 24-Dec. 2"
DB1037,DB,Deer,"San Juan, Elk Ridge",47,"San Juan, Elk Ridge DB1037 Sept. 24-Oct. 2"
DB1042,DB,Deer,"West Desert, Vernon",47,"West Desert, Vernon DB1042 Sept. 24-Oct. 2"
DB1107,DB,Deer,Thousand Lakes (new),47,Thousand Lakes (new) DB1107 Sept. 24-Oct. 2
DB1110,DB,Deer,"Beaver, East (new)",48,"Beaver, East (new) DB1110 Oct. 29-Nov. 6"
DB1111,DB,Deer,"Beaver, West (new)",48,"Beaver, West (new) DB1111 Oct. 29-Nov. 6"
DB1084,DB,Deer,Boulder/Kaiparowits,48,Boulder/Kaiparowits DB1084 Oct. 29-Nov. 6
DB1077,DB,Deer,Box Elder,48,Box Elder DB1077 Oct. 29-Nov. 6
DB1078,DB,Deer,Cache,48,Cache DB1078 Oct. 29-Nov. 6
DB1114,DB,Deer,Cedar/Stansbury (new),48,Cedar/Stansbury (new) DB1114 Oct. 29-Nov. 6
DB1100,DB,Deer,Chalk Creek,48,Chalk Creek DB1100 Oct. 29-Nov. 6
DB1101,DB,Deer,East Canyon,48,East Canyon DB1101 Oct. 29-Nov. 6
DB1028,DB,Deer,Fillmore,48,Fillmore DB1028 Oct. 29-Nov. 6
DB1055,DB,Deer,Fishlake,48,Fishlake DB1055 Oct. 29-Nov. 6
DB1030,DB,Deer,Kamas,48,Kamas DB1030 Oct. 29-Nov. 6
DB1081,DB,Deer,"La Sal, La Sal Mtns",48,"La Sal, La Sal Mtns DB1081 Oct. 29-Nov. 6"
DB1079,DB,Deer,Manti/San Rafael,48,Manti/San Rafael DB1079 Oct. 29-Nov. 6
DB1032,DB,Deer,Monroe,48,Monroe DB1032 Oct. 29-Nov. 6
DB1103,DB,Deer,Morgan-South Rich,48,Morgan-South Rich DB1103 Oct. 29-Nov. 6
DB1053,DB,Deer,Mt Dutton,48,Mt Dutton DB1053 Oct. 29-Nov. 6
DB1080,DB,Deer,Nebo,48,Nebo DB1080 Oct. 29-Nov. 6
DB1033,DB,Deer,Nine Mile,48,Nine Mile DB1033 Oct. 29-Nov. 6
DB1065,DB,Deer,North Slope,48,North Slope DB1065 Oct. 29-Nov. 6
DB1054,DB,Deer,Ogden,48,Ogden DB1054 Oct. 29-Nov. 6
DB1113,DB,Deer,Oquirrh/Tintic (new),48,Oquirrh/Tintic (new) DB1113 Oct. 29-Nov. 6
DB1083,DB,Deer,Panguitch Lake,48,Panguitch Lake DB1083 Oct. 29-Nov. 6
DB1034,DB,Deer,Pine Valley,48,Pine Valley DB1034 Oct. 29-Nov. 6
DB1085,DB,Deer,"San Juan, Abajo Mtns",48,"San Juan, Abajo Mtns DB1085 Oct. 29-Nov. 6"
DB1040,DB,Deer,Southwest Desert,48,Southwest Desert DB1040 Oct. 29-Nov. 6
DB1086,DB,Deer,Vernal/Bonanza,48,Vernal/Bonanza DB1086 Oct. 29-Nov. 6
DB1041,DB,Deer,"Wasatch Mtns, East",48,"Wasatch Mtns, East DB1041 Oct. 29-Nov. 6"
DB1087,DB,Deer,"Wasatch Mtns, West",49,"Wasatch Mtns, West DB1087 Oct. 29-Nov. 6"
DB1112,DB,Deer,"West Desert, Swasey (new)",49,"West Desert, Swasey (new) DB1112 Oct. 29-Nov. 6"
DB1039,DB,Deer,Yellowstone,49,Yellowstone DB1039 Oct. 29-Nov. 6
DB1043,DB,Deer,Zion,49,Zion DB1043 Oct. 29-Nov. 6
DB1044,DB,Deer,Book Cliffs,49,Book Cliffs* DB1044 All limited-entry seasons
DB1047,DB,Deer,Diamond Mtn,49,Diamond Mtn DB1047 All limited-entry seasons
DB1045,DB,Deer,"Fillmore, Oak Creek LE",49,"Fillmore, Oak Creek LE DB1045 All limited-entry seasons"
DB1046,DB,Deer,"San Juan, Elk Ridge",49,"San Juan, Elk Ridge* DB1046 All limited-entry seasons"
DB1048,DB,Deer,"West Desert, Vernon",49,"West Desert, Vernon DB1048 All limited-entry seasons"
DB1109,DB,Deer,Thousand Lakes (new),49,Thousand Lakes (new) DB1109 All limited-entry seasons
DB1090,DB,Deer,"Book Cliffs, Floy Canyon",49,"Book Cliffs, Floy Canyon DB1090 Nov. 8-Nov. 30"
DB1105,DB,Deer,East Canyon,49,East Canyon DB1105 Nov. 8-Nov. 30
DB1091,DB,Deer,Kaiparowits HAMSS,49,Kaiparowits HAMSS DB1091 Nov. 8-Nov. 30
DB1116,DB,Deer,"San Juan, Mancos Mesa (new)",49,"San Juan, Mancos Mesa (new) DB1116 Nov. 8-Nov. 30"
EB1007,EB,Elk,Draw-only youth any bull/hunter's choice elk,50,Draw-only youth any bull/hunter's choice elk* EB1007 Sept. 13-Sept. 23
EB3000,EB,Elk,"Beaver, East",50,"Beaver, East EB3000 Aug. 16-Sept. 16"
EB3160,EB,Elk,"Book Cliffs, Bitter Creek/East",50,"Book Cliffs, Bitter Creek/East EB3160 Aug. 16-Sept. 16"
EB3002,EB,Elk,"Book Cliffs, Little Creek Roadless",50,"Book Cliffs, Little Creek Roadless EB3002 Aug. 16-Sept. 16"
EB3145,EB,Elk,Boulder,50,Boulder EB3145 Aug. 16-Sept. 16
EB3130,EB,Elk,"Box Elder, Pilot Mtn",50,"Box Elder, Pilot Mtn EB3130 Aug. 16-Sept. 7"
EB3003,EB,Elk,"Cache, Meadowville",50,"Cache, Meadowville EB3003 Aug. 16-Sept. 16"
EB3005,EB,Elk,"Cache, South",50,"Cache, South EB3005 Aug. 16-Sept. 16"
EB3020,EB,Elk,Diamond Mtn,50,Diamond Mtn EB3020 Aug. 16-Sept. 16
EB3008,EB,Elk,"Fillmore, Pahvant",50,"Fillmore, Pahvant EB3008 Aug. 16-Sept. 16"
EB3018,EB,Elk,Fishlake/Thousand Lakes,50,Fishlake/Thousand Lakes EB3018 Aug. 16-Sept. 16
EB3009,EB,Elk,"La Sal, La Sal Mtns",50,"La Sal, La Sal Mtns EB3009 Aug. 16-Sept. 16"
EB3006,EB,Elk,Manti,50,Manti EB3006 Aug. 16-Sept. 16
EB3010,EB,Elk,Monroe,50,Monroe EB3010 Aug. 16-Sept. 16
EB3011,EB,Elk,Mt Dutton,50,Mt Dutton EB3011 Aug. 16-Sept. 16
EB3173,EB,Elk,Nebo/San Pitch Mtns,50,Nebo/San Pitch Mtns EB3173 Aug. 16-Sept. 16
EB3013,EB,Elk,"North Slope, Three Corners",50,"North Slope, Three Corners EB3013 Aug. 16-Sept. 16"
EB3015,EB,Elk,Panguitch Lake,50,Panguitch Lake EB3015 Aug. 16-Sept. 16
EB3019,EB,Elk,San Juan Bull Elk,50,San Juan Bull Elk EB3019 Aug. 16-Sept. 16
EB3146,EB,Elk,"Southwest Desert, South",50,"Southwest Desert, South EB3146 Aug. 16-Sept. 16"
EB3022,EB,Elk,Wasatch Mtns,50,Wasatch Mtns EB3022 Aug. 16-Sept. 16
EB3135,EB,Elk,Barney Top/Kaiparowits,51,Barney Top/Kaiparowits EB3135 Sept. 1-Sept. 30
EB3132,EB,Elk,"Cache, North",51,"Cache, North EB3132 Sept. 1-Sept. 30"
EB3136,EB,Elk,"Southwest Desert, North",51,"Southwest Desert, North EB3136 Sept. 1-Sept. 30"
EB3137,EB,Elk,"West Desert, Deep Creek",51,"West Desert, Deep Creek EB3137 Sept. 1-Sept. 30"
EB3158,EB,Elk,"Beaver, East",51,"Beaver, East EB3158 Nov. 29-Dec. 14"
EB3161,EB,Elk,"Book Cliffs, Bitter Creek/East",51,"Book Cliffs, Bitter Creek/East EB3161 Nov. 29-Dec. 14"
EB3190,EB,Elk,Boulder,51,Boulder EB3190 Nov. 29-Dec. 14
EB3168,EB,Elk,"Cache, Meadowville",51,"Cache, Meadowville EB3168 Nov. 29-Dec. 14"
EB3170,EB,Elk,"Cache, South",51,"Cache, South EB3170 Nov. 29-Dec. 14"
EB3195,EB,Elk,Diamond Mtn,51,Diamond Mtn EB3195 Nov. 29-Dec. 14
EB3180,EB,Elk,"Fillmore, Pahvant",51,"Fillmore, Pahvant EB3180 Nov. 29-Dec. 14"
EB3192,EB,Elk,Fishlake/Thousand Lakes,51,Fishlake/Thousand Lakes EB3192 Nov. 29-Dec. 14
EB3182,EB,Elk,"La Sal, La Sal Mtns",51,"La Sal, La Sal Mtns EB3182 Nov. 29-Dec. 14"
EB3172,EB,Elk,Manti,51,Manti EB3172 Nov. 29-Dec. 14
EB3184,EB,Elk,Monroe,51,Monroe EB3184 Nov. 29-Dec. 14
EB3186,EB,Elk,Mt Dutton,51,Mt Dutton EB3186 Nov. 29-Dec. 14
EB3174,EB,Elk,Nebo/San Pitch Mtns,51,Nebo/San Pitch Mtns EB3174 Nov. 29-Dec. 14
EB3188,EB,Elk,Panguitch Lake,51,Panguitch Lake EB3188 Nov. 29-Dec. 14
EB3193,EB,Elk,San Juan Bull Elk,51,San Juan Bull Elk EB3193 Nov. 29-Dec. 14
EB3197,EB,Elk,"Southwest Desert, South",51,"Southwest Desert, South EB3197 Nov. 29-Dec. 14"
EB3199,EB,Elk,Wasatch Mtns,51,Wasatch Mtns EB3199 Nov. 29-Dec. 14
EB3024,EB,Elk,"Beaver, East",52,"Beaver, East EB3024 Sept. 17-Sept. 21"
EB3162,EB,Elk,"Book Cliffs, Bitter Creek/East",52,"Book Cliffs, Bitter Creek/East EB3162 Sept. 17-Sept. 21"
EB3028,EB,Elk,"Book Cliffs, Little Creek Roadless",52,"Book Cliffs, Little Creek Roadless EB3028 Sept. 17-Sept. 21"
EB3148,EB,Elk,Boulder,52,Boulder EB3148 Sept. 17-Sept. 21
EB3147,EB,Elk,"Box Elder, Grouse Creek",52,"Box Elder, Grouse Creek EB3147 Sept. 17-Sept. 21"
EB3031,EB,Elk,"Box Elder, Pilot Mtn",52,"Box Elder, Pilot Mtn EB3031 Sept. 13-Oct. 3"
EB3032,EB,Elk,"Cache, Meadowville",52,"Cache, Meadowville EB3032 Sept. 17-Sept. 21"
EB3036,EB,Elk,"Cache, South",52,"Cache, South EB3036 Sept. 17-Sept. 21"
EB3068,EB,Elk,Diamond Mtn,52,Diamond Mtn EB3068 Sept. 17-Sept. 21
EB3042,EB,Elk,"Fillmore, Pahvant",52,"Fillmore, Pahvant EB3042 Sept. 17-Sept. 21"
EB3063,EB,Elk,Fishlake/Thousand Lakes,52,Fishlake/Thousand Lakes EB3063 Sept. 17-Sept. 21
EB3045,EB,Elk,"La Sal, La Sal Mtns",52,"La Sal, La Sal Mtns EB3045 Sept. 17-Sept. 21"
EB3038,EB,Elk,Manti,52,Manti EB3038 Sept. 17-Sept. 21
EB3047,EB,Elk,Monroe,52,Monroe EB3047 Sept. 17-Sept. 21
EB3049,EB,Elk,Mt Dutton,52,Mt Dutton EB3049 Sept. 17-Sept. 21
EB3175,EB,Elk,Nebo/San Pitch Mtn,52,Nebo/San Pitch Mtn EB3175 Sept. 17-Sept. 21
EB3210,EB,Elk,"North Slope, Three Corners (new)",52,"North Slope, Three Corners (new) EB3210 Sept. 17-Sept. 21"
EB3056,EB,Elk,Panguitch Lake,52,Panguitch Lake EB3056 Sept. 17-Sept. 21
EB3066,EB,Elk,San Juan Bull Elk,52,San Juan Bull Elk EB3066 Sept. 17-Sept. 21
EB3149,EB,Elk,"Southwest Desert, South",52,"Southwest Desert, South EB3149 Sept. 17-Sept. 21"
EB3072,EB,Elk,Wasatch Mtns,52,Wasatch Mtns EB3072 Sept. 17-Sept. 21
EB3159,EB,Elk,"Beaver, East",53,"Beaver, East EB3159 Oct. 4-Oct. 16"
EB3164,EB,Elk,"Book Cliffs, Bitter Creek/East",53,"Book Cliffs, Bitter Creek/East EB3164 Oct. 4-Oct. 16"
EB3167,EB,Elk,"Book Cliffs, Little Creek Roadless",53,"Book Cliffs, Little Creek Roadless EB3167 Oct. 4-Oct. 16"
EB3191,EB,Elk,Boulder,53,Boulder EB3191 Oct. 4-Oct. 16
EB3150,EB,Elk,"Box Elder, Grouse Creek",53,"Box Elder, Grouse Creek EB3150 Oct. 4-Oct. 16"
EB3169,EB,Elk,"Cache, Meadowville",53,"Cache, Meadowville EB3169 Oct. 4-Oct. 16"
EB3171,EB,Elk,"Cache, South",53,"Cache, South EB3171 Oct. 4-Oct. 16"
EB3069,EB,Elk,Diamond Mtn,53,Diamond Mtn EB3069 Oct. 4-Oct. 16
EB3181,EB,Elk,"Fillmore, Pahvant",53,"Fillmore, Pahvant EB3181 Oct. 4-Oct. 16"
EB3064,EB,Elk,Fishlake/Thousand Lakes,53,Fishlake/Thousand Lakes EB3064 Oct. 4-Oct. 16
EB3183,EB,Elk,"La Sal, La Sal Mtns",53,"La Sal, La Sal Mtns EB3183 Oct. 4-Oct. 16"
EB3126,EB,Elk,Manti,53,Manti EB3126 Oct. 4-Oct. 16
EB3185,EB,Elk,Monroe,53,Monroe EB3185 Oct. 4-Oct. 16
EB3187,EB,Elk,Mt Dutton,53,Mt Dutton EB3187 Oct. 4-Oct. 16
EB3177,EB,Elk,Nebo/San Pitch Mtn,53,Nebo/San Pitch Mtn EB3177 Oct. 4-Oct. 16
EB3053,EB,Elk,"North Slope, Three Corners",53,"North Slope, Three Corners EB3053 Oct. 4-Oct. 16"
EB3189,EB,Elk,Panguitch Lake,53,Panguitch Lake EB3189 Oct. 4-Oct. 16
EB3194,EB,Elk,San Juan Bull Elk,53,San Juan Bull Elk EB3194 Oct. 4-Oct. 16
EB3198,EB,Elk,"Southwest Desert, South",53,"Southwest Desert, South EB3198 Oct. 4-Oct. 16"
EB3127,EB,Elk,Wasatch Mtns,53,Wasatch Mtns EB3127 Oct. 4-Oct. 16
EB3025,EB,Elk,"Beaver, East",54,"Beaver, East EB3025 Nov. 8-Nov. 16"
EB3163,EB,Elk,"Book Cliffs, Bitter Creek/East",54,"Book Cliffs, Bitter Creek/East EB3163 Nov. 8-Nov. 16"
EB3151,EB,Elk,Boulder,54,Boulder EB3151 Nov. 8-Nov. 16
EB3033,EB,Elk,"Cache, Meadowville",54,"Cache, Meadowville EB3033 Nov. 8-Nov. 16"
EB3037,EB,Elk,"Cache, South",54,"Cache, South EB3037 Nov. 8-Nov. 16"
EB3196,EB,Elk,Diamond Mtn,54,Diamond Mtn EB3196 Nov. 8-Nov. 16
EB3043,EB,Elk,"Fillmore, Pahvant",54,"Fillmore, Pahvant EB3043 Nov. 8-Nov. 16"
EB3065,EB,Elk,Fishlake/Thousand Lakes,54,Fishlake/Thousand Lakes EB3065 Nov. 8-Nov. 16
EB3044,EB,Elk,"La Sal, Dolores Triangle",54,"La Sal, Dolores Triangle EB3044 Dec. 6, 2025-"
EB3046,EB,Elk,"La Sal, La Sal Mtns",54,"La Sal, La Sal Mtns EB3046 Nov. 8-Nov. 16"
EB3039,EB,Elk,Manti,54,Manti EB3039 Nov. 8-Nov. 16
EB3048,EB,Elk,Monroe,54,Monroe EB3048 Nov. 8-Nov. 16
EB3208,EB,Elk,Morgan-South Rich (new),54,Morgan-South Rich (new) EB3208 Dec. 20-Dec. 28
EB3050,EB,Elk,Mt Dutton,54,Mt Dutton EB3050 Nov. 8-Nov. 16
EB3176,EB,Elk,Nebo/San Pitch Mtns,54,Nebo/San Pitch Mtns EB3176 Nov. 8-Nov. 16
EB3057,EB,Elk,Panguitch Lake,54,Panguitch Lake EB3057 Nov. 8-Nov. 16
EB3067,EB,Elk,San Juan Bull Elk,54,San Juan Bull Elk EB3067 Nov. 8-Nov. 16
EB3152,EB,Elk,"Southwest Desert, South",54,"Southwest Desert, South EB3152 Nov. 8-Nov. 16"
EB3073,EB,Elk,Wasatch Mtns,54,Wasatch Mtns EB3073 Nov. 8-Nov. 16
EB3077,EB,Elk,"Beaver, East",55,"Beaver, East EB3077 Sept. 22-Oct. 3"
EB3166,EB,Elk,"Book Cliffs, Bitter Creek/East",55,"Book Cliffs, Bitter Creek/East EB3166 Sept. 22-Oct. 3"
EB3079,EB,Elk,"Book Cliffs, Little Creek Roadless",55,"Book Cliffs, Little Creek Roadless EB3079 Sept. 22-Oct. 3"
EB3154,EB,Elk,Boulder,55,Boulder EB3154 Sept. 22-Oct. 3
EB3153,EB,Elk,"Box Elder, Grouse Creek",55,"Box Elder, Grouse Creek EB3153 Sept. 22-Oct. 3"
EB3081,EB,Elk,"Cache, Meadowville",55,"Cache, Meadowville EB3081 Sept. 22-Oct. 3"
EB3083,EB,Elk,"Cache, South",55,"Cache, South EB3083 Sept. 22-Oct. 3"
EB3098,EB,Elk,Diamond Mtn,55,Diamond Mtn EB3098 Sept. 22-Oct. 3
EB3086,EB,Elk,"Fillmore, Pahvant",55,"Fillmore, Pahvant EB3086 Sept. 22-Oct. 3"
EB3096,EB,Elk,Fishlake/Thousand Lakes,55,Fishlake/Thousand Lakes EB3096 Sept. 22-Oct. 3
EB3087,EB,Elk,"La Sal, La Sal Mtns",55,"La Sal, La Sal Mtns EB3087 Sept. 22-Oct. 3"
EB3084,EB,Elk,Manti,55,Manti EB3084 Sept. 22-Oct. 3
EB3088,EB,Elk,Monroe,55,Monroe EB3088 Sept. 22-Oct. 3
EB3089,EB,Elk,Mt Dutton,55,Mt Dutton EB3089 Sept. 22-Oct. 3
EB3179,EB,Elk,Nebo/San Pitch Mtns,55,Nebo/San Pitch Mtns EB3179 Sept. 22-Oct. 3
EB3091,EB,Elk,"North Slope, Three Corners",55,"North Slope, Three Corners EB3091 Sept. 22-Oct. 3"
EB3093,EB,Elk,Panguitch Lake,55,Panguitch Lake EB3093 Sept. 22-Oct. 3
EB3097,EB,Elk,San Juan Bull Elk,55,San Juan Bull Elk EB3097 Sept. 22-Oct. 3
EB3155,EB,Elk,"Southwest Desert, South",55,"Southwest Desert, South EB3155 Sept. 22-Oct. 3"
EB3100,EB,Elk,Wasatch Mtns,55,Wasatch Mtns EB3100 Sept. 22-Oct. 3
EB3102,EB,Elk,"Beaver, East",56,"Beaver, East EB3102 Limited-entry seasons"
EB3165,EB,Elk,"Book Cliffs, Bitter Creek/East",56,"Book Cliffs, Bitter Creek/East EB3165 Limited-entry seasons"
EB3104,EB,Elk,"Book Cliffs, Little Creek Roadless",56,"Book Cliffs, Little Creek Roadless EB3104 Limited-entry seasons"
EB3156,EB,Elk,Boulder,56,Boulder EB3156 Limited-entry seasons
EB3105,EB,Elk,"Cache, Meadowville",56,"Cache, Meadowville EB3105 Limited-entry seasons"
EB3107,EB,Elk,"Cache, South",56,"Cache, South EB3107 Limited-entry seasons"
EB3122,EB,Elk,Diamond Mtn,56,Diamond Mtn EB3122 Limited-entry seasons
EB3110,EB,Elk,"Fillmore, Pahvant",56,"Fillmore, Pahvant EB3110 Limited-entry seasons"
EB3120,EB,Elk,Fishlake/Thousand Lakes,56,Fishlake/Thousand Lakes EB3120 Limited-entry seasons
EB3111,EB,Elk,"La Sal, La Sal Mtns",56,"La Sal, La Sal Mtns EB3111 Limited-entry seasons"
EB3108,EB,Elk,Manti,56,Manti EB3108 Limited-entry seasons
EB3112,EB,Elk,Monroe,56,Monroe EB3112 Limited-entry seasons
EB3113,EB,Elk,Mt Dutton,56,Mt Dutton EB3113 Limited-entry seasons
EB3178,EB,Elk,Nebo/San Pitch Mtns,56,Nebo/San Pitch Mtns EB3178 Limited-entry seasons
EB3115,EB,Elk,"North Slope, Three Corners",56,"North Slope, Three Corners EB3115 Limited-entry seasons"
EB3117,EB,Elk,Panguitch Lake,56,Panguitch Lake EB3117 Limited-entry seasons
EB3121,EB,Elk,San Juan Bull Elk,56,San Juan Bull Elk EB3121 Limited-entry seasons
EB3157,EB,Elk,"Southwest Desert, South",56,"Southwest Desert, South EB3157 Limited-entry seasons"
EB3124,EB,Elk,Wasatch Mtns,56,Wasatch Mtns EB3124 Limited-entry seasons
PB5000,PB,Pronghorn,Beaver,57,Beaver PB5000 Aug. 16-Sept. 12
PB5001,PB,Pronghorn,"Book Cliffs, Bitter Creek",57,"Book Cliffs, Bitter Creek PB5001 Aug. 16-Sept. 12"
PB5002,PB,Pronghorn,"Book Cliffs, South",57,"Book Cliffs, South PB5002 Aug. 16-Sept. 12"
PB5003,PB,Pronghorn,"Box Elder, Promontory",57,"Box Elder, Promontory PB5003 Aug. 16-Sept. 12"
PB5004,PB,Pronghorn,"Box Elder, Puddle Valley",57,"Box Elder, Puddle Valley PB5004 Aug. 16-Sept. 12"
PB5005,PB,Pronghorn,"Box Elder, Snowville",57,"Box Elder, Snowville PB5005 Aug. 16-Sept. 12"
PB5006,PB,Pronghorn,"Box Elder, West",57,"Box Elder, West PB5006 Aug. 16-Sept. 12"
PB5074,PB,Pronghorn,"Cache, Rich",57,"Cache, Rich PB5074 Aug. 16-Sept. 12"
PB5016,PB,Pronghorn,Diamond Mtn/Bonanza,57,Diamond Mtn/Bonanza PB5016 Aug. 16-Sept. 12
PB5008,PB,Pronghorn,"Fillmore, Oak Creek South",57,"Fillmore, Oak Creek South PB5008 Aug. 16-Sept. 12"
PB5009,PB,Pronghorn,"La Sal, Potash/South Cisco",57,"La Sal, Potash/South Cisco PB5009 Aug. 16-Sept. 12"
PB5332,PB,Pronghorn,Mt Dutton/Paunsaugunt,57,Mt Dutton/Paunsaugunt PB5332 Aug. 16-Sept. 12
PB5011,PB,Pronghorn,"Nine Mile, Anthro-Myton Bench",57,"Nine Mile, Anthro-Myton Bench PB5011 Aug. 16-Sept. 12"
PB5053,PB,Pronghorn,"Nine Mile, Range Creek",57,"Nine Mile, Range Creek PB5053 Aug. 16-Sept. 12"
EB3142,EB,Elk,Barney Top/Kaiparowits,57,Barney Top/Kaiparowits EB3142 Nov. 8-Nov. 30
EB3139,EB,Elk,"Cache, North",57,"Cache, North EB3139 Nov. 8-Nov. 30"
EB3205,EB,Elk,East Canyon (new),57,East Canyon (new) EB3205 Dec. 20-Dec 28
EB3143,EB,Elk,"Southwest Desert, North",57,"Southwest Desert, North EB3143 Nov. 8-Nov. 30"
EB3144,EB,Elk,"West Desert, Deep Creek",57,"West Desert, Deep Creek EB3144 Nov. 8-Nov. 30"
PB5012,PB,Pronghorn,"North Slope, Three Corners/West Daggett",58,"North Slope, Three Corners/West Daggett PB5012 Aug. 16-Sept. 12"
PB5054,PB,Pronghorn,"Panguitch Lake/Zion, North",58,"Panguitch Lake/Zion, North PB5054 Aug. 16-Sept. 12"
PB5077,PB,Pronghorn,Parker Mtn,58,Parker Mtn PB5077 Aug. 16-Sept. 12
PB5013,PB,Pronghorn,Pine Valley,58,Pine Valley PB5013 Aug. 16-Sept. 12
PB5055,PB,Pronghorn,"San Rafael, Desert",58,"San Rafael, Desert PB5055 Aug. 16-Sept. 12"
PB5015,PB,Pronghorn,"San Rafael, North",58,"San Rafael, North PB5015 Aug. 16-Sept. 12"
PB5018,PB,Pronghorn,Southwest Desert,58,Southwest Desert PB5018 Aug. 16-Sept. 12
PB5017,PB,Pronghorn,Vernal,58,Vernal PB5017 Aug. 16-Sept. 12
PB5019,PB,Pronghorn,"West Desert, Riverbed",58,"West Desert, Riverbed PB5019 Aug. 16-Sept. 12"
PB5020,PB,Pronghorn,"West Desert, Rush Valley",58,"West Desert, Rush Valley PB5020 Aug. 16-Sept. 12"
PB5021,PB,Pronghorn,"West Desert, Snake Valley",58,"West Desert, Snake Valley PB5021 Aug. 16-Sept. 12"
PB5080,PB,Pronghorn,"Box Elder, Snowville (new)",58,"Box Elder, Snowville (new) PB5080 Sept. 24-Oct. 2"
PB5079,PB,Pronghorn,"Box Elder, West (new)",58,"Box Elder, West (new) PB5079 Sept. 24-Oct. 2"
PB5075,PB,Pronghorn,"Cache, Rich",58,"Cache, Rich PB5075 Sept. 24-Oct. 2"
PB5060,PB,Pronghorn,Diamond Mtn/Bonanza,58,Diamond Mtn/Bonanza PB5060 Sept. 24-Oct. 2
PB5065,PB,Pronghorn,"Fillmore, Oak Creek South",58,"Fillmore, Oak Creek South PB5065 Sept. 24-Oct. 2"
PB5059,PB,Pronghorn,"Nine Mile, Anthro-Myton Bench",58,"Nine Mile, Anthro-Myton Bench PB5059 Sept. 24-Oct. 2"
PB5066,PB,Pronghorn,"North Slope, Three Corners/West Daggett",58,"North Slope, Three Corners/West Daggett PB5066 Sept. 24-Oct. 2"
PB5061,PB,Pronghorn,"Panguitch Lake/Zion, North",58,"Panguitch Lake/Zion, North PB5061 Sept. 24-Oct. 2"
PB5078,PB,Pronghorn,Parker Mtn,58,Parker Mtn PB5078 Sept. 24-Oct. 2
PB5062,PB,Pronghorn,Pine Valley,58,Pine Valley PB5062 Sept. 24-Oct. 2
PB5056,PB,Pronghorn,"San Rafael, North",58,"San Rafael, North PB5056 Sept. 24-Oct. 2"
PB5024,PB,Pronghorn,Southwest Desert,58,Southwest Desert PB5024 Sept. 24-Oct. 2
PB5072,PB,Pronghorn,Vernal,58,Vernal PB5072 Sept. 24-Oct. 2
PB5025,PB,Pronghorn,Beaver,59,Beaver PB5025 Sept. 13-Sept. 21
PB5026,PB,Pronghorn,"Book Cliffs, Bitter Creek",59,"Book Cliffs, Bitter Creek PB5026 Sept. 13-Sept. 21"
PB5027,PB,Pronghorn,"Book Cliffs, South",59,"Book Cliffs, South PB5027 Sept. 13-Sept. 21"
PB5028,PB,Pronghorn,"Box Elder, Promontory",59,"Box Elder, Promontory PB5028 Sept. 13-Sept. 21"
PB5029,PB,Pronghorn,"Box Elder, Puddle Valley",59,"Box Elder, Puddle Valley PB5029 Sept. 13-Sept. 21"
PB5030,PB,Pronghorn,"Box Elder, Snowville",59,"Box Elder, Snowville PB5030 Sept. 13-Sept. 21"
PB5031,PB,Pronghorn,"Box Elder, West",59,"Box Elder, West PB5031 Sept. 13-Sept. 21"
PB5073,PB,Pronghorn,"Cache, Rich",59,"Cache, Rich PB5073 Sept. 13-Sept. 21"
PB5047,PB,Pronghorn,Diamond Mtn/Bonanza,59,Diamond Mtn/Bonanza PB5047 Sept. 13-Sept. 21
PB5033,PB,Pronghorn,"Fillmore, Oak Creek South",59,"Fillmore, Oak Creek South PB5033 Sept. 13-Sept. 21"
PB5034,PB,Pronghorn,Kaiparowits,59,Kaiparowits PB5034 Sept. 13-Sept. 21
PB5035,PB,Pronghorn,"La Sal, Potash/South Cisco",59,"La Sal, Potash/South Cisco PB5035 Sept. 13-Sept. 21"
PB5331,PB,Pronghorn,Mt Dutton/Paunsaugunt,59,Mt Dutton/Paunsaugunt PB5331 Sept. 13-Sept. 21
PB5037,PB,Pronghorn,"Nine Mile, Anthro-Myton Bench",59,"Nine Mile, Anthro-Myton Bench PB5037 Sept. 13-Sept. 21"
PB5038,PB,Pronghorn,"Nine Mile, Range Creek",59,"Nine Mile, Range Creek PB5038 Sept. 13-Sept. 21"
PB5039,PB,Pronghorn,"North Slope, Summit",59,"North Slope, Summit PB5039 Sept. 13-Sept. 21"
PB5040,PB,Pronghorn,"North Slope, Three Corners/West Daggett",59,"North Slope, Three Corners/West Daggett PB5040 Sept. 13-Sept. 21"
PB5041,PB,Pronghorn,"Panguitch Lake/Zion, North",59,"Panguitch Lake/Zion, North PB5041 Sept. 13-Sept. 21"
PB5076,PB,Pronghorn,Parker Mtn,59,Parker Mtn PB5076 Sept. 13-Sept. 21
PB5042,PB,Pronghorn,Pine Valley,59,Pine Valley PB5042 Sept. 13-Sept. 21
PB5044,PB,Pronghorn,"San Juan, Hatch Point",59,"San Juan, Hatch Point PB5044 Sept. 13-Sept. 21"
PB5045,PB,Pronghorn,"San Rafael, Desert",59,"San Rafael, Desert PB5045 Sept. 13-Sept. 21"
PB5046,PB,Pronghorn,"San Rafael, North",59,"San Rafael, North PB5046 Sept. 13-Sept. 21"
PB5049,PB,Pronghorn,Southwest Desert,59,Southwest Desert PB5049 Sept. 13-Sept. 21
MB6012,MB,Moose,Box Elder (new),60,Box Elder (new) MB6012 Sept. 13-Oct. 31
MB6000,MB,Moose,Cache,60,Cache MB6000 Sept. 13-Oct. 31
MB6001,MB,Moose,Chalk Creek,60,Chalk Creek MB6001 Sept. 13-Oct. 31
MB6009,MB,Moose,Diamond Mtn/Vernal,60,Diamond Mtn/Vernal MB6009 Sept. 13-Oct. 31
MB6002,MB,Moose,East Canyon,60,East Canyon MB6002 Sept. 13-Oct. 31
MB6003,MB,Moose,"East Canyon, Morgan-Summit",60,"East Canyon, Morgan-Summit MB6003 Sept. 13-Oct. 31"
MB6004,MB,Moose,Kamas,60,Kamas MB6004 Sept. 13-Oct. 31
MB6005,MB,Moose,Morgan-South Rich,60,Morgan-South Rich MB6005 Sept. 13-Oct. 31
MB6006,MB,Moose,"North Slope, Summit",60,"North Slope, Summit MB6006 Sept. 13-Oct. 31"
MB6007,MB,Moose,"North Slope, Three Corners/West Daggett",60,"North Slope, Three Corners/West Daggett MB6007 Sept. 13-Oct. 31"
MB6008,MB,Moose,Ogden,60,Ogden MB6008 Sept. 13-Oct. 31
MB6011,MB,Moose,Wasatch Mtns/Central Mtns,60,Wasatch Mtns/Central Mtns MB6011 Sept. 13-Oct. 31
MB6010,MB,Moose,Yellowstone,60,Yellowstone MB6010 Sept. 13-Oct. 31
PB5048,PB,Pronghorn,Vernal,60,Vernal PB5048 Sept. 13-Sept. 21
PB5050,PB,Pronghorn,"West Desert, Riverbed",60,"West Desert, Riverbed PB5050 Sept. 13-Sept. 21"
PB5051,PB,Pronghorn,"West Desert, Rush Valley",60,"West Desert, Rush Valley PB5051 Sept. 13-Sept. 21"
PB5052,PB,Pronghorn,"West Desert, Snake Valley",60,"West Desert, Snake Valley PB5052 Sept. 13-Sept. 21"
BI6534,BI,Bison,"Book Cliffs, Bitter Creek",61,"Book Cliffs, Bitter Creek BI6534 Sept. 13-Sept. 21"
BI6535,BI,Bison,"Book Cliffs, Bitter Creek",61,"Book Cliffs, Bitter Creek BI6535 Oct. 4-Oct. 16"
BI6531,BI,Bison,"Book Cliffs, Little Creek/South",61,"Book Cliffs, Little Creek/South BI6531 Sept. 22-Oct. 03"
BI6537,BI,Bison,"Book Cliffs, Little Creek/South",61,"Book Cliffs, Little Creek/South BI6537 Nov. 8, 2025-Jan. 31, 2026"
BI6503,BI,Bison,Henry Mtns,61,Henry Mtns BI6503 Nov. 1-Nov. 12
BI6504,BI,Bison,Henry Mtns,61,Henry Mtns BI6504 Nov. 15-Nov. 26
BI6516,BI,Bison,Henry Mtns,61,Henry Mtns BI6516 Nov. 29-Dec. 10
BI6500,BI,Bison,Antelope Island,61,Antelope Island BI6500 Dec. 1-Dec. 3
BI6536,BI,Bison,"Book Cliffs, Bitter Creek",61,"Book Cliffs, Bitter Creek BI6536 Nov. 15-Nov. 30"
BI6529,BI,Bison,"Book Cliffs, Little Creek/South",61,"Book Cliffs, Little Creek/South BI6529 Oct. 18-Oct. 28"
BI6505,BI,Bison,Henry Mtns,61,Henry Mtns BI6505 Dec. 13-Dec. 24
BI6506,BI,Bison,Henry Mtns,61,"Henry Mtns BI6506 Dec. 27, 2025-Jan. 13, 2026"
BI6532,BI,Bison,"Book Cliffs, Bitter Creek",61,"Book Cliffs, Bitter Creek BI6532 Aug. 16-Sept. 12"
BI6528,BI,Bison,"Book Cliffs, Little Creek/South",61,"Book Cliffs, Little Creek/South BI6528 Aug. 16-Sept. 12"
BI6509,BI,Bison,Henry Mtns,61,"Henry Mtns BI6509 Jan. 14-Jan. 31, 2026"
DS6626,DS,Desert Bighorn Sheep,"Escalante, East (new)",62,"Escalante, East (new) DS6626 Sept. 13-Nov. 10"
DS6627,DS,Desert Bighorn Sheep,"Escalante, West (new)",62,"Escalante, West (new) DS6627 Sept. 13-Nov. 10"
DS6600,DS,Desert Bighorn Sheep,Henry Mtns,62,Henry Mtns DS6600 Sept. 13-Nov. 10
DS6601,DS,Desert Bighorn Sheep,"Kaiparowits, East",62,"Kaiparowits, East DS6601 Sept. 13-Nov. 10"
DS6603,DS,Desert Bighorn Sheep,"Kaiparowits, West",62,"Kaiparowits, West DS6603 Sept. 13-Nov. 10"
DS6604,DS,Desert Bighorn Sheep,"La Sal, Potash/South Cisco",62,"La Sal, Potash/South Cisco DS6604 Sept. 13-Nov. 10"
DS6625,DS,Desert Bighorn Sheep,Mineral Mtns,62,Mineral Mtns DS6625 Sept. 13-Nov. 10
DS6621,DS,Desert Bighorn Sheep,"Pine Valley, Beaver Dam",62,"Pine Valley, Beaver Dam DS6621 Oct. 25-Dec. 26"
DS6620,DS,Desert Bighorn Sheep,"Pine Valley, Virgin River",62,"Pine Valley, Virgin River DS6620 Oct. 25-Dec. 26"
DS6606,DS,Desert Bighorn Sheep,"San Juan, Lockhart",62,"San Juan, Lockhart DS6606 Sept. 13-Nov. 10"
DS6622,DS,Desert Bighorn Sheep,"San Juan, North",62,"San Juan, North DS6622 Sept. 13-Nov. 10"
DS6623,DS,Desert Bighorn Sheep,"San Juan, San Juan River",62,"San Juan, San Juan River DS6623 Sept. 13-Nov. 10"
DS6607,DS,Desert Bighorn Sheep,"San Juan, South",62,"San Juan, South DS6607 Sept. 13-Nov. 10"
DS6608,DS,Desert Bighorn Sheep,"San Rafael, Dirty Devil",62,"San Rafael, Dirty Devil* DS6608 Sept. 13-Nov. 10"
DS6609,DS,Desert Bighorn Sheep,"San Rafael, North",62,"San Rafael, North DS6609 Sept. 13-Nov. 10"
DS6610,DS,Desert Bighorn Sheep,"San Rafael, South",62,"San Rafael, South DS6610 Sept. 13-Nov. 10"
DS6611,DS,Desert Bighorn Sheep,Zion,62,Zion DS6611 Sept. 13-Nov. 10
DS6624,DS,Desert Bighorn Sheep,"San Rafael, Dirty Devil",62,"San Rafael, Dirty Devil DS6624 Nov. 11-Dec. 17"
DS6608,DS,Desert Bighorn Sheep,"Nonresidents may hunt both the San Rafael, Dirty Devil and the Henry Mtns units-apply for #",62,"* Nonresidents may hunt both the San Rafael, Dirty Devil and the Henry Mtns units-apply for #DS6608"
DS6610,DS,Desert Bighorn Sheep,"Nonresidents may hunt both the San Rafael, North and San Rafael, South subunits-apply for #",62,"Nonresidents may hunt both the San Rafael, North and San Rafael, South subunits-apply for #DS6610"
RS6700,RS,Rocky Mountain Bighorn Sheep,Antelope Island (new),63,Antelope Island (new) RS6700 Nov. 12-Nov. 19
RS6701,RS,Rocky Mountain Bighorn Sheep,"Book Cliffs, South",63,"Book Cliffs, South RS6701 Nov. 1-Nov. 30"
RS6703,RS,Rocky Mountain Bighorn Sheep,"Box Elder, Newfoundland Mtn",63,"Box Elder, Newfoundland Mtn RS6703 Oct. 4-Oct. 24"
RS6704,RS,Rocky Mountain Bighorn Sheep,"Box Elder, Newfoundland Mtn",63,"Box Elder, Newfoundland Mtn RS6704 Oct. 25-Nov. 14"
RS6720,RS,Rocky Mountain Bighorn Sheep,"Fillmore, Oak Creek",63,"Fillmore, Oak Creek RS6720 Oct. 4-Oct. 24"
RS6726,RS,Rocky Mountain Bighorn Sheep,"Fillmore, Oak Creek",63,"Fillmore, Oak Creek RS6726 Oct. 25-Nov. 14"
RS6725,RS,Rocky Mountain Bighorn Sheep,Nebo,63,Nebo RS6725 Nov. 1-Nov. 30
RS6712,RS,Rocky Mountain Bighorn Sheep,"Nine Mile, Gray Canyon",63,"Nine Mile, Gray Canyon RS6712 Nov. 1-Nov. 30"
RS6713,RS,Rocky Mountain Bighorn Sheep,"Nine Mile, Jack Creek",63,"Nine Mile, Jack Creek RS6713 Nov. 1-Nov. 30"
RS6709,RS,Rocky Mountain Bighorn Sheep,"North Slope, Summit/West Daggett",63,"North Slope, Summit/West Daggett RS6709 Sept. 15-Nov. 30"
RS6708,RS,Rocky Mountain Bighorn Sheep,"North Slope, Three Corners",63,"North Slope, Three Corners RS6708 Sept. 15-Nov. 30"
RS6721,RS,Rocky Mountain Bighorn Sheep,"Oquirrh-Stansbury, West",63,"Oquirrh-Stansbury, West RS6721 Nov. 1-Nov. 30"
RS6724,RS,Rocky Mountain Bighorn Sheep,"Wasatch Mtns, West",63,"Wasatch Mtns, West RS6724 Nov. 1-Nov. 30"
RS6722,RS,Rocky Mountain Bighorn Sheep,"Box Elder, Newfoundland Mtn",63,"Box Elder, Newfoundland Mtn RS6722 Nov. 15-Dec. 7"
RS6727,RS,Rocky Mountain Bighorn Sheep,"Fillmore, Oak Creek",63,"Fillmore, Oak Creek RS6727 Nov. 15-Dec. 7"
GO6800,GO,Mountain Goat,Beaver,64,Beaver GO6800 Sept. 6-Sept. 28
GO6801,GO,Mountain Goat,Beaver,64,Beaver GO6801 Sept. 29-Oct. 27
GO6805,GO,Mountain Goat,High Uintas Central,64,High Uintas Central GO6805 Sept. 6-Oct. 31
GO6806,GO,Mountain Goat,High Uintas East,64,High Uintas East GO6806 Sept. 6-Oct. 31
GO6804,GO,Mountain Goat,High Uintas Kamas,64,High Uintas Kamas GO6804 Sept. 6-Oct. 31
GO6807,GO,Mountain Goat,High Uintas Leidy Peak,64,High Uintas Leidy Peak GO6807 Sept. 6-Oct. 31
GO6808,GO,Mountain Goat,High Uintas West,64,High Uintas West GO6808 Sept. 6-Oct. 31
GO6817,GO,Mountain Goat,"La Sal, La Sal Mtns",64,"La Sal, La Sal Mtns GO6817 Sept. 6-Nov. 26"
GO6814,GO,Mountain Goat,Mt Dutton,64,Mt Dutton GO6814 Sept. 6-Nov. 26
GO6803,GO,Mountain Goat,Nebo,64,Nebo GO6803 Sept. 27-Nov. 26
GO6810,GO,Mountain Goat,"Ogden, Willard Peak",64,"Ogden, Willard Peak GO6810 Sept. 6-Nov. 26"
GO6818,GO,Mountain Goat,"Wasatch Mtns, Box Elder Peak",64,"Wasatch Mtns, Box Elder Peak GO6818 Sept. 6-Nov. 26"
GO6819,GO,Mountain Goat,"Wasatch Mtns, Lone Peak",64,"Wasatch Mtns, Lone Peak GO6819 Sept. 6-Nov. 26"
GO6813,GO,Mountain Goat,"Wasatch Mtns, Provo Peak",64,"Wasatch Mtns, Provo Peak GO6813 Sept. 6-Nov. 26"
GO6820,GO,Mountain Goat,"Wasatch Mtns, Timpanogos",64,"Wasatch Mtns, Timpanogos GO6820 Sept. 6-Nov. 26"
GO6822,GO,Mountain Goat,Beaver,64,Beaver GO6822 Nov. 15-Nov. 24
GO6821,GO,Mountain Goat,Nebo,64,Nebo GO6821 Sept. 17-Sept. 26
DB1200,DB,Deer,Alton,65,Alton DB1200 Kane 3
DB1201,DB,Deer,Alton (management buck),65,Alton (management buck) DB1201 Kane 1
DB1334,DB,Deer,Alton (cactus buck),65,Alton (cactus buck) DB1334 Kane 1
DB1333,DB,Deer,5S,66,5S DB1333 Morgan 2
DB1202,DB,Deer,Antelope Creek,66,Antelope Creek DB1202 Duchesne 1
DB1203,DB,Deer,Avintaquin Canyon,66,Avintaquin Canyon DB1203 Duchesne 1
DB1204,DB,Deer,Bally Watts,66,Bally Watts DB1204 Morgan 1
DB1205,DB,Deer,Bar J Ranch,66,Bar J Ranch DB1205 Sevier 1
DB1206,DB,Deer,Bear Mountain,66,Bear Mountain DB1206 Sanpete 1
DB1207,DB,Deer,Bear Springs,66,Bear Springs DB1207 Weber 1
DB1335,DB,Deer,Big Piney Ranch,66,Big Piney Ranch DB1335 Summit 1
DB1208,DB,Deer,Blackhawk,66,Blackhawk DB1208 Carbon 1
DB1209,DB,Deer,Blind Springs,66,Blind Springs DB1209 Box Elder 1
DB1211,DB,Deer,Blue Spring Hills,66,Blue Spring Hills DB1211 Box Elder 1
DB1212,DB,Deer,Bluebell,66,Bluebell DB1212 Cache 1
DB1213,DB,Deer,Boobe Hole,66,Boobe Hole DB1213 Sevier 2
DB1215,DB,Deer,Buckhorn Ranch,66,Buckhorn Ranch DB1215 Duchesne/Wasatch 1
DB1217,DB,Deer,Causey Spring,66,Causey Spring DB1217 Weber 1
DB1216,DB,Deer,Castle Valley Outdoors (new),66,Castle Valley Outdoors (new) DB1216 Emery 1
DB1219,DB,Deer,Chimney Rock,66,Chimney Rock DB1219 Morgan/Summit 2
DB1253,DB,Deer,Circle E Ranch (formerly J.B. Ranch),66,Circle E Ranch (formerly J.B. Ranch) DB1253 Grand 1
DB1328,DB,Deer,Clear Creek,66,Clear Creek DB1328 Box Elder 1
DB1222,DB,Deer,Coldwater Ranch,66,Coldwater Ranch DB1222 Cache 2
DB1224,DB,Deer,Cotton Thomas,66,Cotton Thomas DB1224 Box Elder 1
DB1320,DB,Deer,Deer Creek,66,Deer Creek DB1320 Wasatch 1
DB1227,DB,Deer,Deer Haven,66,Deer Haven DB1227 San Juan 2
DB1228,DB,Deer,Deseret,66,Deseret DB1228 Morgan/Rich/Weber 13
DB1345,DB,Deer,Diamond Mountain CWMU,66,Diamond Mountain CWMU DB1345 Uintah 1
DB1229,DB,Deer,Dilly Ranch,66,Dilly Ranch DB1229 Box Elder 1
DB1325,DB,Deer,Double Cone,66,Double Cone DB1325 Box Elder 1
DB1230,DB,Deer,Double R Ranch,66,Double R Ranch DB1230 Wasatch 2
DB1231,DB,Deer,Dove Creek,67,Dove Creek DB1231 Box Elder 2
DB1341,DB,Deer,Dry Creek,67,Dry Creek DB1341 Summit 1
DB1232,DB,Deer,Durst Mountain,67,Durst Mountain DB1232 Morgan 2
DB1233,DB,Deer,East Fork Chalk Creek,67,East Fork Chalk Creek DB1233 Summit 4
DB1234,DB,Deer,East Zion,67,East Zion DB1234 Kane 1
DB1236,DB,Deer,Engineer Springs,67,Engineer Springs DB1236 Box Elder 1
DB1237,DB,Deer,Ensign Ranches,67,Ensign Ranches DB1237 Morgan/Rich/Summit 3
DB1342,DB,Deer,Faust Valley,67,Faust Valley DB1342 Box Elder 1
DB1336,DB,Deer,First Light,67,First Light DB1336 Carbon 1
DB1238,DB,Deer,Folley Ridge,67,Folley Ridge DB1238 Morgan 3
DB1239,DB,Deer,Fort Ranch,67,Fort Ranch DB1239 Box Elder 1
DB1240,DB,Deer,George Creek,67,George Creek DB1240 Box Elder 1
DB1241,DB,Deer,Golden Spike,67,Golden Spike DB1241 Box Elder 1
DB1242,DB,Deer,Grass Valley/Clark Canyon,67,Grass Valley/Clark Canyon DB1242 Summit 14
DB1243,DB,Deer,Grazing Pasture,67,Grazing Pasture DB1243 Sevier 1
DB1244,DB,Deer,Green Canyon,67,Green Canyon DB1244 Cache 1
DB1245,DB,Deer,Guildersleeve,67,Guildersleeve DB1245 Morgan 1
DB1246,DB,Deer,Hardscrabble,67,Hardscrabble DB1246 Davis/Morgan/Salt Lake 2
DB1248,DB,Deer,Heaston East,67,Heaston East DB1248 Salt Lake 2
DB1249,DB,Deer,Hiawatha,67,Hiawatha DB1249 Carbon 1
DB1250,DB,Deer,Indian Creek,67,Indian Creek DB1250 Box Elder 1
DB1251,DB,Deer,Indian Head,67,Indian Head DB1251 Carbon/Duchesne/Utah 2
DB1252,DB,Deer,Ingham Peak,67,Ingham Peak DB1252 Box Elder 5
DB1330,DB,Deer,Iron Spring,67,Iron Spring DB1330 Iron 1
DB1317,DB,Deer,Jacob's Creek,67,Jacob's Creek DB1317 Davis/Morgan 1
DB1255,DB,Deer,Johnson Mountain Ranch,67,Johnson Mountain Ranch DB1255 Sevier 1
DB1256,DB,Deer,Junction Valley,67,Junction Valley DB1256 Box Elder 6
DB1348,DB,Deer,Kimberly,67,Kimberly DB1348 Piute 1
DB1337,DB,Deer,Little Pole Canyon,67,Little Pole Canyon DB1337 Wasatch 1
DB1258,DB,Deer,Little Red Creek,67,Little Red Creek DB1258 Wasatch 1
DB1260,DB,Deer,Middle Ridge,68,Middle Ridge DB1260 Rich 1
DB1261,DB,Deer,Minnie Maud Ridge,68,Minnie Maud Ridge DB1261 Carbon/Duchesne 5
DB1263,DB,Deer,Moon Ranch,68,Moon Ranch DB1263 Duchesne 1
DB1266,DB,Deer,Mt Carmel,68,Mt Carmel DB1266 Kane 3
DB1264,DB,Deer,Mountain Meadow,68,Mountain Meadow DB1264 Box Elder 1
DB1327,DB,Deer,Mountain Sky Ranch,68,Mountain Sky Ranch DB1327 Utah 1
DB1265,DB,Deer,Mountain Top,68,Mountain Top DB1265 Morgan/Summit 2
DB1303,DB,Deer,North Peaks,68,North Peaks DB1303 Box Elder 1
DB1269,DB,Deer,North Promontory,68,North Promontory DB1269 Box Elder 1
DB1270,DB,Deer,Nucor West,68,Nucor West DB1270 Box Elder 1
DB1271,DB,Deer,Oak Ranch,68,Oak Ranch DB1271 Sevier 3
DB1272,DB,Deer,Old Woman Plateau,68,Old Woman Plateau DB1272 Sevier 3
DB1322,DB,Deer,Pahvant Ensign,68,Pahvant Ensign DB1322 Millard/Sevier 1
DB1273,DB,Deer,Park Valley Hereford,68,Park Valley Hereford DB1273 Box Elder 6
DB1274,DB,Deer,Patmos Ridge,68,Patmos Ridge DB1274 Carbon 1
DB1275,DB,Deer,Pine Canyon,68,Pine Canyon DB1275 Morgan 2
DB1286,DB,Deer,Pisgah Mountain,68,Pisgah Mountain DB1286 Box Elder/Cache 2
DB1277,DB,Deer,Pocatello Valley,68,Pocatello Valley DB1277 Box Elder 1
DB1279,DB,Deer,Preston Nutter Ranch,68,Preston Nutter Ranch DB1279 Carbon 1
DB1280,DB,Deer,Promontory Point,68,Promontory Point DB1280 Box Elder 1
DB1331,DB,Deer,Raft River,68,Raft River DB1331 Box Elder 2
DB1281,DB,Deer,Rattlesnake Pass,68,Rattlesnake Pass DB1281 Box Elder 2
DB1343,DB,Deer,Red Iron,68,Red Iron DB1343 Juab 1
DB1282,DB,Deer,Redd Ranches,68,Redd Ranches DB1282 Grand/San Juan 2
DB1283,DB,Deer,Roan Cliffs,68,Roan Cliffs DB1283 Carbon 1
DB1323,DB,Deer,Rock House,68,Rock House DB1323 Juab 1
DB1326,DB,Deer,Rosette,68,Rosette DB1326 Box Elder 1
DB1324,DB,Deer,Royal Ivory Outfitters,68,Royal Ivory Outfitters DB1324 Summit 1
DB1344,DB,Deer,Salt Wells,68,Salt Wells DB1344 Box Elder 1
DB1285,DB,Deer,Sand Creek,69,Sand Creek DB1285 Duchesne 1
DB1287,DB,Deer,Scofield Canyons,69,Scofield Canyons DB1287 Carbon/Utah 1
DB1288,DB,Deer,Scofield West,69,Scofield West DB1288 Carbon/Utah 2
DB1289,DB,Deer,Sharp Mountain,69,Sharp Mountain DB1289 Cache/Weber 2
DB1290,DB,Deer,Skull Crack,69,Skull Crack DB1290 Morgan/Weber 1
DB1291,DB,Deer,Skull Valley South,69,Skull Valley South DB1291 Tooele 1
DB1292,DB,Deer,Soldier Summit,69,Soldier Summit DB1292 Carbon/Utah/Wasatch 2
DB1293,DB,Deer,South Canyon,69,South Canyon DB1293 Box Elder/Cache 1
DB1294,DB,Deer,Spring Creek Acres,69,Spring Creek Acres DB1294 Cache 1
DB1295,DB,Deer,Spring Creek/Dodge,69,Spring Creek/Dodge DB1295 San Juan 6
DB1298,DB,Deer,Strawberry Ridge,69,Strawberry Ridge DB1298 Cache/Rich 1
DB1299,DB,Deer,Summit Point,69,Summit Point DB1299 San Juan 3
DB1300,DB,Deer,Thatcher Mountain,69,Thatcher Mountain DB1300 Box Elder 1
DB1347,DB,Deer,The Rose of Snowville,69,The Rose of Snowville DB1347 Box Elder 2
DB1301,DB,Deer,Three C,69,Three C DB1301 Wasatch 2
DB1259,DB,Deer,Tunnel Hollow,69,Tunnel Hollow DB1259 Morgan/Summit 1
DB1304,DB,Deer,Two Bear,69,Two Bear DB1304 Summit 1
DB1305,DB,Deer,Wallsburg,69,Wallsburg DB1305 Wasatch 1
DB1306,DB,Deer,Washakie,69,Washakie DB1306 Box Elder 1
DB1349,DB,Deer,Weber Florence Creek/Stillman Creek,69,Weber Florence Creek/Stillman Creek DB1349 Summit 9
DB1308,DB,Deer,West Hills,69,West Hills DB1308 Box Elder 2
DB1332,DB,Deer,West Ridge,69,West Ridge DB1332 Carbon 5
DB1309,DB,Deer,West Willow Creek Ranch,69,West Willow Creek Ranch DB1309 Uintah 4
DB1310,DB,Deer,White's Valley,69,White's Valley DB1310 Box Elder 2
DB1312,DB,Deer,Woodruff Creek South,69,Woodruff Creek South DB1312 Rich 1
EB3500,EB,Elk,Alton,70,Alton EB3500 Kane 1
EB3608,EB,Elk,Avintaquin Canyon,70,Avintaquin Canyon EB3608 Duchesne 1
EB3501,EB,Elk,Bar J Ranch,70,Bar J Ranch EB3501 Sevier 2
EB3502,EB,Elk,Bear Mountain,70,Bear Mountain EB3502 Sanpete 1
EB3503,EB,Elk,Bear Springs,70,Bear Springs EB3503 Morgan/Weber 1
EB3504,EB,Elk,Blackhawk,70,Blackhawk EB3504 Carbon 2
EB3505,EB,Elk,Boobe Hole,70,Boobe Hole EB3505 Sevier 2
EB3545,EB,Elk,,70,EB3545 Box Elder 3
EB3506,EB,Elk,Causey Spring,70,Causey Spring EB3506 Weber 1
EB3508,EB,Elk,Chimney Rock,70,Chimney Rock EB3508 Morgan/Summit 2
EB3529,EB,Elk,Circle E Ranch (formerly J.B. Ranch),70,Circle E Ranch (formerly J.B. Ranch) EB3529 Grand 2
EB3509,EB,Elk,Coldwater Ranch,70,Coldwater Ranch EB3509 Cache 3
EB3511,EB,Elk,Cotton Thomas,70,Cotton Thomas EB3511 Box Elder 1
EB3514,EB,Elk,Deseret,70,Deseret EB3514 Morgan/Rich/Weber 19
EB3617,EB,Elk,Diamond Mountain CWMU,70,Diamond Mountain CWMU EB3617 Uintah 1
EB3515,EB,Elk,Double Cone,70,Double Cone EB3515 Box Elder 1
EB3604,EB,Elk,Double R Ranch,70,Double R Ranch EB3604 Wasatch 1
EB3516,EB,Elk,Durst Mountain,70,Durst Mountain EB3516 Morgan 3
EB3517,EB,Elk,East Fork Chalk Creek,70,East Fork Chalk Creek EB3517 Summit 3
EB3519,EB,Elk,Ensign Ranches,70,Ensign Ranches EB3519 Morgan/Rich/Summit 4
EB3520,EB,Elk,Folley Ridge,70,Folley Ridge EB3520 Morgan 2
EB3521,EB,Elk,Grass Valley/Clark Canyon,70,Grass Valley/Clark Canyon EB3521 Summit 10
EB3522,EB,Elk,Grazing Pasture,70,Grazing Pasture EB3522 Sevier 1
EB3523,EB,Elk,Guildersleeve,70,Guildersleeve EB3523 Morgan 2
EB3524,EB,Elk,Hardscrabble,70,Hardscrabble EB3524 Davis/Morgan/Salt Lake 2
EB3525,EB,Elk,Heaston East,71,Heaston East EB3525 Salt Lake 2
EB3526,EB,Elk,Hiawatha,71,Hiawatha EB3526 Carbon 2
EB3527,EB,Elk,Indian Head,71,Indian Head EB3527 Carbon/Duchesne/Utah 1
EB3528,EB,Elk,Ingham Peak,71,Ingham Peak EB3528 Box Elder 1
EB3530,EB,Elk,Jacob's Creek,71,Jacob's Creek EB3530 Davis/Morgan 1
EB3531,EB,Elk,Johnson Mountain Ranch,71,Johnson Mountain Ranch EB3531 Sevier 2
EB3532,EB,Elk,Jump Creek,71,Jump Creek EB3532 Carbon 1
EB3533,EB,Elk,Junction Valley,71,Junction Valley EB3533 Box Elder 1
EB3613,EB,Elk,Little Pole Canyon,71,Little Pole Canyon EB3613 Wasatch 1
EB3534,EB,Elk,Little Red Creek,71,Little Red Creek EB3534 Wasatch 2
EB3536,EB,Elk,Minnie Maud Ridge,71,Minnie Maud Ridge EB3536 Carbon/Duchesne 5
EB3538,EB,Elk,Moon Ranch,71,Moon Ranch EB3538 Duchesne 1
EB3606,EB,Elk,Mountain Sky Ranch,71,Mountain Sky Ranch EB3606 Utah 1
EB3565,EB,Elk,North Peaks,71,North Peaks EB3565 Box Elder 1
EB3540,EB,Elk,Old Woman Plateau,71,Old Woman Plateau EB3540 Sevier 2
EB3603,EB,Elk,Pahvant Ensign,71,Pahvant Ensign EB3603 Millard/Sevier 1
EB3541,EB,Elk,Patmos Ridge,71,Patmos Ridge EB3541 Carbon 1
EB3543,EB,Elk,Preston Nutter Ranch,71,Preston Nutter Ranch EB3543 Carbon 3
EB3544,EB,Elk,Redd Ranches,71,Redd Ranches EB3544 Grand/San Juan 2
EB3546,EB,Elk,Roan Cliffs,71,Roan Cliffs EB3546 Carbon 1
EB3609,EB,Elk,Royal Ivory Outfitters,71,Royal Ivory Outfitters EB3609 Summit 3
EB3547,EB,Elk,Sand Creek,72,Sand Creek EB3547 Duchesne 1
EB3548,EB,Elk,Scofield Canyons,72,Scofield Canyons EB3548 Carbon/Utah 1
EB3549,EB,Elk,Scofield East,72,Scofield East EB3549 Carbon 1
EB3550,EB,Elk,Scofield West,72,Scofield West EB3550 Carbon/Utah 2
EB3610,EB,Elk,Sharp Mountain,72,Sharp Mountain EB3610 Cache 2
EB3551,EB,Elk,SJ Ranch,72,SJ Ranch EB3551 Cache 1
EB3552,EB,Elk,Skull Crack,72,Skull Crack EB3552 Morgan/Weber 1
EB3553,EB,Elk,Soldier Summit,72,Soldier Summit EB3553 Carbon/Utah/Wasatch 2
EB3554,EB,Elk,South Canyon,72,South Canyon EB3554 Box Elder/Cache 1
EB3555,EB,Elk,Spring Creek/Dodge,72,Spring Creek/Dodge EB3555 San Juan 2
EB3557,EB,Elk,Strawberry Ridge,72,Strawberry Ridge EB3557 Cache/Rich 2
EB3558,EB,Elk,Summit Point,72,Summit Point EB3558 San Juan 1
EB3559,EB,Elk,Three C,72,Three C EB3559 Wasatch 2
EB3614,EB,Elk,Tunnel Hollow,72,Tunnel Hollow EB3614 Morgan/Summit 1
EB3561,EB,Elk,Two Bear,72,Two Bear EB3561 Summit 5
EB3562,EB,Elk,Wallsburg,72,Wallsburg EB3562 Wasatch 1
EB3619,EB,Elk,Weber Florence Creek/Stillman Creek,72,Weber Florence Creek/Stillman Creek EB3619 Summit 10
EB3611,EB,Elk,West Ridge,72,West Ridge EB3611 Carbon 2
EB3607,EB,Elk,West Willow Creek Ranch,72,West Willow Creek Ranch EB3607 Uintah 1
EB3564,EB,Elk,Woodruff Creek South,72,Woodruff Creek South EB3564 Rich 2
PB5325,PB,Pronghorn,Allen Ranch,73,Allen Ranch PB5325 Utah 1
PB5300,PB,Pronghorn,Antelope Creek,73,Antelope Creek PB5300 Duchesne 4
PB5338,PB,Pronghorn,Castle Valley Outdoors (new),73,Castle Valley Outdoors (new) PB5338 Emery 2
PB5326,PB,Pronghorn,Cedar Springs,73,Cedar Springs PB5326 Box Elder 1
PB5327,PB,Pronghorn,Cottonwood Ridge,73,Cottonwood Ridge PB5327 Duchesne 4
PB5302,PB,Pronghorn,Deseret,73,Deseret PB5302 Morgan/Rich/Weber 16
PB5330,PB,Pronghorn,George Creek,73,George Creek PB5330 Box Elder 2
PB5345,PB,Pronghorn,Green River Flat,73,Green River Flat PB5345 Grand 2
PB5337,PB,Pronghorn,Heist,73,Heist PB5337 Beaver/Iron 2
PB5339,PB,Pronghorn,Iron Spring,73,Iron Spring PB5339 Iron 1
PB5346,PB,Pronghorn,Junction Valley (new),73,Junction Valley (new) PB5346 Box Elder 1
PB5328,PB,Pronghorn,Pahvant Ensign,73,Pahvant Ensign PB5328 Millard/Sevier 2
PB5305,PB,Pronghorn,Park Valley,73,Park Valley PB5305 Box Elder 1
PB5343,PB,Pronghorn,Prohibition Springs,73,Prohibition Springs PB5343 Box Elder 1
PB5306,PB,Pronghorn,Rabbit Creek,73,Rabbit Creek PB5306 Rich 1
PB5342,PB,Pronghorn,Salt Wells,73,Salt Wells PB5342 Box Elder 2
PB5309,PB,Pronghorn,Skull Valley South,73,Skull Valley South PB5309 Tooele 2
PB5329,PB,Pronghorn,Snowville Flat,73,Snowville Flat PB5329 Box Elder 1
PB5311,PB,Pronghorn,The Rose of Snowville,73,The Rose of Snowville PB5311 Box Elder 3
PB5312,PB,Pronghorn,TL Bar Ranch,73,TL Bar Ranch PB5312 Box Elder/Toole 1
PB5314,PB,Pronghorn,Westlake,73,Westlake PB5314 Utah 3
PB5315,PB,Pronghorn,Zane,73,Zane PB5315 Iron 2
MB6200,MB,Moose,Bear Springs,74,Bear Springs MB6200 Weber 1
MB6202,MB,Moose,Causey Spring,74,Causey Spring MB6202 Weber 2
MB6240,MB,Moose,Chimney Rock,74,Chimney Rock MB6240 Morgan 1
MB6206,MB,Moose,Deseret,74,Deseret MB6206 Morgan/Rich/Weber 1
MB6207,MB,Moose,Durst Mountain,74,Durst Mountain MB6207 Morgan 1
MB6208,MB,Moose,East Fork Chalk Creek,74,East Fork Chalk Creek MB6208 Summit 2
MB6209,MB,Moose,Ensign Ranches,74,Ensign Ranches MB6209 Summit 1
MB6211,MB,Moose,Grass Valley/Clark Canyon,74,Grass Valley/Clark Canyon MB6211 Summit 3
MB6251,MB,Moose,Hardscrabble,74,Hardscrabble MB6251 Davis/Morgan/Salt Lake 1
MB6257,MB,Moose,Ingham Peak,74,Ingham Peak MB6257 Box Elder 1
MB6258,MB,Moose,Jacob's Creek,74,Jacob's Creek MB6258 Morgan 1
MB6262,MB,Moose,Junction Valley,74,Junction Valley MB6262 Box Elder 1
MB6259,MB,Moose,Royal Ivory Outfitters,74,Royal Ivory Outfitters MB6259 Summit 1
MB6217,MB,Moose,Sharp Mountain,74,Sharp Mountain MB6217 Cache 1
MB6254,MB,Moose,SJ Ranch,74,SJ Ranch MB6254 Cache 1
MB6219,MB,Moose,Skull Crack,74,Skull Crack MB6219 Morgan/Weber 2
MB6220,MB,Moose,South Canyon,74,South Canyon MB6220 Cache 1
MB6222,MB,Moose,Strawberry Ridge,74,Strawberry Ridge MB6222 Cache/Rich 2
MB6223,MB,Moose,Three C,74,Three C MB6223 Wasatch 1
MB6224,MB,Moose,Two Bear,74,Two Bear MB6224 Summit 1
MB6225,MB,Moose,Wallsburg,74,Wallsburg MB6225 Wasatch 1
MB6266,MB,Moose,Weber Florence Creek/Stillman Creek,74,Weber Florence Creek/Stillman Creek MB6266 Summit 3
MB6256,MB,Moose,Woodruff Creek South,74,Woodruff Creek South MB6256 Rich 2
