snapshot_utc,source_url,hunt_code,hunt_name,species,sex_type,weapon,hunt_type,season,quota_res,quota_nres,quota_total
2026-05-26T18:42:45+00:00,https://dwrapps.utah.gov/huntboundary/HuntTableData?species=Elk&gender=Antlerless,EA1010,"Cache, Rich",Elk,Antlerless,Any Legal Weapon,General Season,Oct 04 2025 - Oct 26 2025,18,2,20
2026-05-26T18:42:45+00:00,https://dwrapps.utah.gov/huntboundary/HuntTableData?species=Elk&gender=Antlerless,EA1011,"Cache, Richards Hollow",Elk,Antlerless,Any Legal Weapon,General Season,Nov 15 2025 - Dec 31 2025,9,1,10
2026-05-26T18:42:45+00:00,https://dwrapps.utah.gov/huntboundary/HuntTableData?species=Elk&gender=Antlerless,EA1012,"Cache, Richmond Hyde Park",Elk,Antlerless,Any Legal Weapon,General Season,Aug 01 2025 - Dec 01 2025,4,1,5
2026-05-26T18:42:45+00:00,https://dwrapps.utah.gov/huntboundary/HuntTableData?species=Elk&gender=Antlerless,EA1013,"Manti, Central",Elk,Antlerless,Any Legal Weapon,General Season,Oct 04 2025 - Oct 16 2025,63,7,70
2026-05-26T18:42:45+00:00,https://dwrapps.utah.gov/huntboundary/HuntTableData?species=Elk&gender=Antlerless,EA1015,"Manti, Ferron Canyon",Elk,Antlerless,Any Legal Weapon,General Season,Oct 04 2025 - Oct 16 2025,63,7,70
2026-05-26T18:42:45+00:00,https://dwrapps.utah.gov/huntboundary/HuntTableData?species=Elk&gender=Antlerless,EA1017,"Manti, Gordon Creek-Price Canyon",Elk,Antlerless,Any Legal Weapon,General Season,Nov 27 2025 - Jan 31 2026,90,10,100
2026-05-26T18:42:45+00:00,https://dwrapps.utah.gov/huntboundary/HuntTableData?species=Elk&gender=Antlerless,EA1018,"Manti, Horn Mtn",Elk,Antlerless,Any Legal Weapon,General Season,Nov 19 2025 - Dec 31 2025,54,6,60
2026-05-26T18:42:45+00:00,https://dwrapps.utah.gov/huntboundary/HuntTableData?species=Elk&gender=Antlerless,EA1020,"Manti, Mohrland-Stump Flat",Elk,Antlerless,Any Legal Weapon,General Season,Nov 27 2025 - Jan 31 2026,108,12,120
2026-05-26T18:42:45+00:00,https://dwrapps.utah.gov/huntboundary/HuntTableData?species=Elk&gender=Antlerless,EA1021,Nebo,Elk,Antlerless,Any Legal Weapon,General Season,Oct 04 2025 - Oct 16 2025,207,23,230
2026-05-26T18:42:45+00:00,https://dwrapps.utah.gov/huntboundary/HuntTableData?species=Elk&gender=Antlerless,EA1022,"Manti, North",Elk,Antlerless,Any Legal Weapon,General Season,Oct 04 2025 - Oct 16 2025,270,30,300
2026-05-26T18:42:45+00:00,https://dwrapps.utah.gov/huntboundary/HuntTableData?species=Elk&gender=Antlerless,EA1023,"Manti, South",Elk,Antlerless,Any Legal Weapon,General Season,Oct 04 2025 - Oct 16 2025,90,10,100
2026-05-26T18:42:45+00:00,https://dwrapps.utah.gov/huntboundary/HuntTableData?species=Elk&gender=Antlerless,EA1024,"Manti, South",Elk,Antlerless,Any Legal Weapon,General Season,Nov 19 2025 - Jan 31 2026,90,10,100
2026-05-26T18:42:45+00:00,https://dwrapps.utah.gov/huntboundary/HuntTableData?species=Elk&gender=Antlerless,EA1025,"Manti, West",Elk,Antlerless,Any Legal Weapon,General Season,Nov 19 2025 - Jan 31 2026,108,12,120
2026-05-26T18:42:45+00:00,https://dwrapps.utah.gov/huntboundary/HuntTableData?species=Elk&gender=Antlerless,EA1026,Chalk Creek,Elk,Antlerless,Any Legal Weapon,General Season,Nov 08 2025 - Jan 31 2026,315,35,350
2026-05-26T18:42:45+00:00,https://dwrapps.utah.gov/huntboundary/HuntTableData?species=Elk&gender=Antlerless,EA1030,"Fillmore, Pahvant",Elk,Antlerless,Any Legal Weapon,General Season,Nov 15 2025 - Dec 06 2025,45,5,50
2026-05-26T18:42:45+00:00,https://dwrapps.utah.gov/huntboundary/HuntTableData?species=Elk&gender=Antlerless,EA1031,"Fillmore, Pahvant",Elk,Antlerless,Any Legal Weapon,General Season,Dec 13 2025 - Jan 30 2026,45,5,50
2026-05-26T18:42:45+00:00,https://dwrapps.utah.gov/huntboundary/HuntTableData?species=Elk&gender=Antlerless,EA1033,Kamas,Elk,Antlerless,Any Legal Weapon,General Season,Nov 08 2025 - Jan 18 2026,112,13,125
2026-05-26T18:42:45+00:00,https://dwrapps.utah.gov/huntboundary/HuntTableData?species=Elk&gender=Antlerless,EA1035,"Kamas, Oakley",Elk,Antlerless,Any Legal Weapon,General Season,Nov 08 2025 - Dec 31 2025,112,13,125
2026-05-26T18:42:45+00:00,https://dwrapps.utah.gov/huntboundary/HuntTableData?species=Elk&gender=Antlerless,EA1037,"La Sal, Dolores Triangle",Elk,Antlerless,Any Legal Weapon,General Season,Dec 12 2025 - Jan 31 2026,45,5,50
2026-05-26T18:42:45+00:00,https://dwrapps.utah.gov/huntboundary/HuntTableData?species=Elk&gender=Antlerless,EA1038,"La Sal, La Sal Mtns",Elk,Antlerless,Any Legal Weapon,General Season,Oct 04 2025 - Oct 16 2025,180,20,200
2026-05-26T18:42:45+00:00,https://dwrapps.utah.gov/huntboundary/HuntTableData?species=Elk&gender=Antlerless,EA1039,"La Sal, La Sal Mtns",Elk,Antlerless,Any Legal Weapon,General Season,Nov 17 2025 - Dec 31 2025,135,15,150
2026-05-26T18:42:45+00:00,https://dwrapps.utah.gov/huntboundary/HuntTableData?species=Elk&gender=Antlerless,EA1044,"Morgan-South Rich, South Rich",Elk,Antlerless,Any Legal Weapon,General Season,Dec 01 2025 - Jan 31 2026,31,4,35
2026-05-26T18:42:45+00:00,https://dwrapps.utah.gov/huntboundary/HuntTableData?species=Elk&gender=Antlerless,EA1049,"Mt Dutton, Deep Creek",Elk,Antlerless,Any Legal Weapon,General Season,Nov 22 2025 - Dec 07 2025,67,8,75
2026-05-26T18:42:45+00:00,https://dwrapps.utah.gov/huntboundary/HuntTableData?species=Elk&gender=Antlerless,EA1054,"Nine Mile, West Anthro",Elk,Antlerless,Any Legal Weapon,General Season,Dec 13 2025 - Dec 30 2025,45,5,50
2026-05-26T18:42:45+00:00,https://dwrapps.utah.gov/huntboundary/HuntTableData?species=Elk&gender=Antlerless,EA1056,"North Slope, Greendale",Elk,Antlerless,Any Legal Weapon,General Season,Nov 17 2025 - Nov 30 2025,4,1,5
2026-05-26T18:42:45+00:00,https://dwrapps.utah.gov/huntboundary/HuntTableData?species=Elk&gender=Antlerless,EA1058,"North Slope, Henry's Fork-Burnt Fork",Elk,Antlerless,Any Legal Weapon,General Season,Nov 08 2025 - Jan 31 2026,90,10,100
2026-05-26T18:42:45+00:00,https://dwrapps.utah.gov/huntboundary/HuntTableData?species=Elk&gender=Antlerless,EA1060,"North Slope, West Daggett",Elk,Antlerless,Muzzleloader,General Season,Oct 29 2025 - Nov 06 2025,18,2,20
2026-05-26T18:42:45+00:00,https://dwrapps.utah.gov/huntboundary/HuntTableData?species=Elk&gender=Antlerless,EA1061,"North Slope, West Daggett",Elk,Antlerless,Muzzleloader,General Season,Sep 24 2025 - Oct 02 2025,18,2,20
2026-05-26T18:42:45+00:00,https://dwrapps.utah.gov/huntboundary/HuntTableData?species=Elk&gender=Antlerless,EA1063,Ogden,Elk,Antlerless,Any Legal Weapon,General Season,Oct 04 2025 - Oct 26 2025,67,8,75
2026-05-26T18:42:45+00:00,https://dwrapps.utah.gov/huntboundary/HuntTableData?species=Elk&gender=Antlerless,EA1064,Ogden,Elk,Antlerless,Any Legal Weapon,General Season,Nov 08 2025 - Nov 30 2025,67,8,75
2026-05-26T18:42:45+00:00,https://dwrapps.utah.gov/huntboundary/HuntTableData?species=Elk&gender=Antlerless,EA1069,Panguitch Lake,Elk,Antlerless,Any Legal Weapon,General Season,Nov 22 2025 - Nov 30 2025,31,4,35
2026-05-26T18:42:45+00:00,https://dwrapps.utah.gov/huntboundary/HuntTableData?species=Elk&gender=Antlerless,EA1073,Paunsaugunt,Elk,Antlerless,Any Legal Weapon,General Season,Nov 22 2025 - Dec 30 2025,18,2,20
2026-05-26T18:42:45+00:00,https://dwrapps.utah.gov/huntboundary/HuntTableData?species=Elk&gender=Antlerless,EA1075,Boulder East,Elk,Antlerless,Any Legal Weapon,General Season,Nov 21 2025 - Dec 31 2025,45,5,50
2026-05-26T18:42:45+00:00,https://dwrapps.utah.gov/huntboundary/HuntTableData?species=Elk&gender=Antlerless,EA1076,Boulder West,Elk,Antlerless,Any Legal Weapon,General Season,Nov 21 2025 - Dec 31 2025,45,5,50
2026-05-26T18:42:45+00:00,https://dwrapps.utah.gov/huntboundary/HuntTableData?species=Elk&gender=Antlerless,EA1077,Boulder-Circle Cliffs,Elk,Antlerless,Any Legal Weapon,General Season,Oct 07 2025 - Jan 10 2026,27,3,30
2026-05-26T18:42:45+00:00,https://dwrapps.utah.gov/huntboundary/HuntTableData?species=Elk&gender=Antlerless,EA1078,Fishlake/Thousand Lakes,Elk,Antlerless,Any Legal Weapon,General Season,Oct 04 2025 - Oct 16 2025,243,27,270
2026-05-26T18:42:45+00:00,https://dwrapps.utah.gov/huntboundary/HuntTableData?species=Elk&gender=Antlerless,EA1079,Fishlake/Thousand Lakes East,Elk,Antlerless,Any Legal Weapon,General Season,Nov 22 2025 - Dec 31 2025,58,7,65
2026-05-26T18:42:45+00:00,https://dwrapps.utah.gov/huntboundary/HuntTableData?species=Elk&gender=Antlerless,EA1080,Fishlake/Thousand Lakes West,Elk,Antlerless,Any Legal Weapon,General Season,Nov 22 2025 - Dec 31 2025,54,6,60
2026-05-26T18:42:45+00:00,https://dwrapps.utah.gov/huntboundary/HuntTableData?species=Elk&gender=Antlerless,EA1081,San Juan,Elk,Antlerless,Any Legal Weapon,General Season,Oct 04 2025 - Oct 16 2025,112,13,125
2026-05-26T18:42:45+00:00,https://dwrapps.utah.gov/huntboundary/HuntTableData?species=Elk&gender=Antlerless,EA1082,San Juan,Elk,Antlerless,Any Legal Weapon,General Season,Nov 19 2025 - Dec 31 2025,112,13,125
2026-05-26T18:42:45+00:00,https://dwrapps.utah.gov/huntboundary/HuntTableData?species=Elk&gender=Antlerless,EA1084,"San Rafael, North",Elk,Antlerless,Any Legal Weapon,General Season,Nov 08 2025 - Jan 31 2026,4,1,5
2026-05-26T18:42:45+00:00,https://dwrapps.utah.gov/huntboundary/HuntTableData?species=Elk&gender=Antlerless,EA1085,Vernal/Bonanza,Elk,Antlerless,Archery,General Season,Aug 16 2025 - Sep 17 2025,90,10,100
2026-05-26T18:42:45+00:00,https://dwrapps.utah.gov/huntboundary/HuntTableData?species=Elk&gender=Antlerless,EA1087,Bonanza/Vernal,Elk,Antlerless,Any Legal Weapon,General Season,Oct 04 2025 - Oct 17 2025,90,10,100
2026-05-26T18:42:45+00:00,https://dwrapps.utah.gov/huntboundary/HuntTableData?species=Elk&gender=Antlerless,EA1089,Diamond Mtn,Elk,Antlerless,Any Legal Weapon,General Season,Nov 01 2025 - Nov 09 2025,45,5,50
2026-05-26T18:42:45+00:00,https://dwrapps.utah.gov/huntboundary/HuntTableData?species=Elk&gender=Antlerless,EA1090,Diamond Mtn,Elk,Antlerless,Any Legal Weapon,General Season,Nov 15 2025 - Nov 23 2025,45,5,50
2026-05-26T18:42:45+00:00,https://dwrapps.utah.gov/huntboundary/HuntTableData?species=Elk&gender=Antlerless,EA1094,"Vernal, Mosby Mtn",Elk,Antlerless,Any Legal Weapon,General Season,Nov 08 2025 - Jan 04 2026,90,10,100
2026-05-26T18:42:45+00:00,https://dwrapps.utah.gov/huntboundary/HuntTableData?species=Elk&gender=Antlerless,EA1101,Southwest Desert,Elk,Antlerless,Any Legal Weapon,General Season,Nov 20 2025 - Jan 11 2026,90,10,100
2026-05-26T18:42:45+00:00,https://dwrapps.utah.gov/huntboundary/HuntTableData?species=Elk&gender=Antlerless,EA1106,"Wasatch Mtns, Avintaquin",Elk,Antlerless,Any Legal Weapon,General Season,Jan 03 2026 - Jan 18 2026,180,20,200
2026-05-26T18:42:45+00:00,https://dwrapps.utah.gov/huntboundary/HuntTableData?species=Elk&gender=Antlerless,EA1110,"Wasatch Mtns, Salt Lake",Elk,Antlerless,Any Legal Weapon,General Season,Nov 15 2025 - Jan 31 2026,40,5,45
2026-05-26T18:42:45+00:00,https://dwrapps.utah.gov/huntboundary/HuntTableData?species=Elk&gender=Antlerless,EA1111,"Wasatch Mtns, Wallsburg",Elk,Antlerless,Any Legal Weapon,General Season,Nov 15 2025 - Dec 14 2025,31,4,35
2026-05-26T18:42:45+00:00,https://dwrapps.utah.gov/huntboundary/HuntTableData?species=Elk&gender=Antlerless,EA1112,"Wasatch Mtns, Wallsburg",Elk,Antlerless,Any Legal Weapon,General Season,Dec 20 2025 - Jan 31 2026,49,6,55
2026-05-26T18:42:45+00:00,https://dwrapps.utah.gov/huntboundary/HuntTableData?species=Elk&gender=Antlerless,EA1113,"Wasatch Mtns, West Heber",Elk,Antlerless,Any Legal Weapon,General Season,Nov 15 2025 - Jan 31 2026,27,3,30
2026-05-26T18:42:45+00:00,https://dwrapps.utah.gov/huntboundary/HuntTableData?species=Elk&gender=Antlerless,EA1114,"Wasatch Mtns, West Timpanogos",Elk,Antlerless,Any Legal Weapon,General Season,Nov 15 2025 - Jan 31 2026,22,3,25
2026-05-26T18:42:45+00:00,https://dwrapps.utah.gov/huntboundary/HuntTableData?species=Elk&gender=Antlerless,EA1117,Zion,Elk,Antlerless,Any Legal Weapon,General Season,Nov 11 2025 - Jan 11 2026,198,22,220
2026-05-26T18:42:45+00:00,https://dwrapps.utah.gov/huntboundary/HuntTableData?species=Elk&gender=Antlerless,EA1118,Alton CWMU,Elk,Antlerless,Any Legal Weapon,CWMU,Contact operator for 2025 season dates,6,0,0
2026-05-26T18:42:45+00:00,https://dwrapps.utah.gov/huntboundary/HuntTableData?species=Elk&gender=Antlerless,EA1119,Bar J Ranch CWMU,Elk,Antlerless,Any Legal Weapon,CWMU,Contact operator for 2025 season dates,12,0,0
2026-05-26T18:42:45+00:00,https://dwrapps.utah.gov/huntboundary/HuntTableData?species=Elk&gender=Antlerless,EA1120,Bear Mountain CWMU,Elk,Antlerless,Any Legal Weapon,CWMU,Contact operator for 2025 season dates,20,0,0
2026-05-26T18:42:45+00:00,https://dwrapps.utah.gov/huntboundary/HuntTableData?species=Elk&gender=Antlerless,EA1121,Boobe Hole CWMU,Elk,Antlerless,Any Legal Weapon,CWMU,Contact operator for 2025 season dates,10,0,0
2026-05-26T18:42:45+00:00,https://dwrapps.utah.gov/huntboundary/HuntTableData?species=Elk&gender=Antlerless,EA1122,Causey Spring CWMU,Elk,Antlerless,Any Legal Weapon,CWMU,Contact operator for 2025 season dates,5,0,0
2026-05-26T18:42:45+00:00,https://dwrapps.utah.gov/huntboundary/HuntTableData?species=Elk&gender=Antlerless,EA1124,Chimney Rock CWMU,Elk,Antlerless,Any Legal Weapon,CWMU,Contact operator for 2025 season dates,12,0,0
2026-05-26T18:42:45+00:00,https://dwrapps.utah.gov/huntboundary/HuntTableData?species=Elk&gender=Antlerless,EA1125,Coldwater Ranch CWMU,Elk,Antlerless,Any Legal Weapon,CWMU,Contact operator for 2025 season dates,25,0,0
2026-05-26T18:42:45+00:00,https://dwrapps.utah.gov/huntboundary/HuntTableData?species=Elk&gender=Antlerless,EA1129,Deseret CWMU,Elk,Antlerless,Any Legal Weapon,CWMU,Contact operator for 2025 season dates,425,0,0
2026-05-26T18:42:45+00:00,https://dwrapps.utah.gov/huntboundary/HuntTableData?species=Elk&gender=Antlerless,EA1130,Double Cone CWMU,Elk,Antlerless,Any Legal Weapon,CWMU,Contact operator for 2025 season dates,7,0,0
2026-05-26T18:42:45+00:00,https://dwrapps.utah.gov/huntboundary/HuntTableData?species=Elk&gender=Antlerless,EA1131,Durst Mountain CWMU,Elk,Antlerless,Any Legal Weapon,CWMU,Contact operator for 2025 season dates,30,0,0
2026-05-26T18:42:45+00:00,https://dwrapps.utah.gov/huntboundary/HuntTableData?species=Elk&gender=Antlerless,EA1132,East Fork Chalk Creek CWMU,Elk,Antlerless,Any Legal Weapon,CWMU,Contact operator for 2025 season dates,30,0,0
2026-05-26T18:42:45+00:00,https://dwrapps.utah.gov/huntboundary/HuntTableData?species=Elk&gender=Antlerless,EA1134,Ensign Ranches CWMU,Elk,Antlerless,Any Legal Weapon,CWMU,Contact operator for 2025 season dates,60,0,0
2026-05-26T18:42:45+00:00,https://dwrapps.utah.gov/huntboundary/HuntTableData?species=Elk&gender=Antlerless,EA1135,Folley Ridge CWMU,Elk,Antlerless,Any Legal Weapon,CWMU,Contact operator for 2025 season dates,20,0,0
2026-05-26T18:42:45+00:00,https://dwrapps.utah.gov/huntboundary/HuntTableData?species=Elk&gender=Antlerless,EA1136,Grass Valley/Clark Canyon CWMU,Elk,Antlerless,Any Legal Weapon,CWMU,Contact operator for 2025 season dates,50,0,0
2026-05-26T18:42:45+00:00,https://dwrapps.utah.gov/huntboundary/HuntTableData?species=Elk&gender=Antlerless,EA1137,Grazing Pasture CWMU,Elk,Antlerless,Any Legal Weapon,CWMU,Contact operator for 2025 season dates,9,0,0
2026-05-26T18:42:45+00:00,https://dwrapps.utah.gov/huntboundary/HuntTableData?species=Elk&gender=Antlerless,EA1138,Guildersleeve CWMU,Elk,Antlerless,Any Legal Weapon,CWMU,Contact operator for 2025 season dates,20,0,0
2026-05-26T18:42:45+00:00,https://dwrapps.utah.gov/huntboundary/HuntTableData?species=Elk&gender=Antlerless,EA1139,Hardscrabble CWMU,Elk,Antlerless,Any Legal Weapon,CWMU,Contact operator for 2025 season dates,10,0,0
2026-05-26T18:42:45+00:00,https://dwrapps.utah.gov/huntboundary/HuntTableData?species=Elk&gender=Antlerless,EA1140,Heaston East CWMU,Elk,Antlerless,Any Legal Weapon,CWMU,Contact operator for 2025 season dates,24,0,0
2026-05-26T18:42:45+00:00,https://dwrapps.utah.gov/huntboundary/HuntTableData?species=Elk&gender=Antlerless,EA1141,Hiawatha CWMU,Elk,Antlerless,Any Legal Weapon,CWMU,Contact operator for 2025 season dates,12,0,0
2026-05-26T18:42:45+00:00,https://dwrapps.utah.gov/huntboundary/HuntTableData?species=Elk&gender=Antlerless,EA1142,Indian Head CWMU,Elk,Antlerless,Any Legal Weapon,CWMU,Contact operator for 2025 season dates,12,0,0
2026-05-26T18:42:45+00:00,https://dwrapps.utah.gov/huntboundary/HuntTableData?species=Elk&gender=Antlerless,EA1143,Circle E Ranch CWMU,Elk,Antlerless,Any Legal Weapon,CWMU,Contact operator for 2025 season dates,21,0,0
2026-05-26T18:42:45+00:00,https://dwrapps.utah.gov/huntboundary/HuntTableData?species=Elk&gender=Antlerless,EA1145,Johnson Mountain Ranch CWMU,Elk,Antlerless,Any Legal Weapon,CWMU,Contact operator for 2025 season dates,20,0,0
2026-05-26T18:42:45+00:00,https://dwrapps.utah.gov/huntboundary/HuntTableData?species=Elk&gender=Antlerless,EA1146,Jump Creek CWMU,Elk,Antlerless,Any Legal Weapon,CWMU,Contact operator for 2025 season dates,9,0,0
2026-05-26T18:42:45+00:00,https://dwrapps.utah.gov/huntboundary/HuntTableData?species=Elk&gender=Antlerless,EA1147,Little Red Creek CWMU,Elk,Antlerless,Any Legal Weapon,CWMU,Contact operator for 2025 season dates,15,0,0
2026-05-26T18:42:45+00:00,https://dwrapps.utah.gov/huntboundary/HuntTableData?species=Elk&gender=Antlerless,EA1149,Minnie Maud Ridge CWMU,Elk,Antlerless,Any Legal Weapon,CWMU,Contact operator for 2025 season dates,15,0,0
2026-05-26T18:42:45+00:00,https://dwrapps.utah.gov/huntboundary/HuntTableData?species=Elk&gender=Antlerless,EA1151,Moon Ranch CWMU,Elk,Antlerless,Any Legal Weapon,CWMU,Contact operator for 2025 season dates,6,0,0
2026-05-26T18:42:45+00:00,https://dwrapps.utah.gov/huntboundary/HuntTableData?species=Elk&gender=Antlerless,EA1153,Old Woman Plateau CWMU,Elk,Antlerless,Any Legal Weapon,CWMU,Contact operator for 2025 season dates,4,0,0
2026-05-26T18:42:45+00:00,https://dwrapps.utah.gov/huntboundary/HuntTableData?species=Elk&gender=Antlerless,EA1156,Preston Nutter Ranch CWMU,Elk,Antlerless,Any Legal Weapon,CWMU,Contact operator for 2025 season dates,21,0,0
2026-05-26T18:42:45+00:00,https://dwrapps.utah.gov/huntboundary/HuntTableData?species=Elk&gender=Antlerless,EA1157,Redd Ranches CWMU,Elk,Antlerless,Any Legal Weapon,CWMU,Contact operator for 2025 season dates,35,0,0
2026-05-26T18:42:45+00:00,https://dwrapps.utah.gov/huntboundary/HuntTableData?species=Elk&gender=Antlerless,EA1158,Cactus Ranch LLC CWMU,Elk,Antlerless,Any Legal Weapon,CWMU,Contact operator for 2025 season dates,7,0,0
2026-05-26T18:42:45+00:00,https://dwrapps.utah.gov/huntboundary/HuntTableData?species=Elk&gender=Antlerless,EA1159,Roan Cliffs CWMU,Elk,Antlerless,Any Legal Weapon,CWMU,Contact operator for 2025 season dates,6,0,0
2026-05-26T18:42:45+00:00,https://dwrapps.utah.gov/huntboundary/HuntTableData?species=Elk&gender=Antlerless,EA1160,Sand Creek CWMU,Elk,Antlerless,Any Legal Weapon,CWMU,Contact operator for 2025 season dates,5,0,0
2026-05-26T18:42:45+00:00,https://dwrapps.utah.gov/huntboundary/HuntTableData?species=Elk&gender=Antlerless,EA1161,Scofield Canyons CWMU,Elk,Antlerless,Any Legal Weapon,CWMU,Contact operator for 2025 season dates,9,0,0
2026-05-26T18:42:45+00:00,https://dwrapps.utah.gov/huntboundary/HuntTableData?species=Elk&gender=Antlerless,EA1162,Scofield East CWMU,Elk,Antlerless,Any Legal Weapon,CWMU,Contact operator for 2025 season dates,14,0,0
2026-05-26T18:42:45+00:00,https://dwrapps.utah.gov/huntboundary/HuntTableData?species=Elk&gender=Antlerless,EA1163,Scofield West CWMU,Elk,Antlerless,Any Legal Weapon,CWMU,Contact operator for 2025 season dates,19,0,0
2026-05-26T18:42:45+00:00,https://dwrapps.utah.gov/huntboundary/HuntTableData?species=Elk&gender=Antlerless,EA1164,SJ Ranch CWMU,Elk,Antlerless,Any Legal Weapon,CWMU,Contact operator for 2025 season dates,6,0,0
2026-05-26T18:42:45+00:00,https://dwrapps.utah.gov/huntboundary/HuntTableData?species=Elk&gender=Antlerless,EA1165,Skull Crack CWMU,Elk,Antlerless,Any Legal Weapon,CWMU,Contact operator for 2025 season dates,15,0,0
2026-05-26T18:42:45+00:00,https://dwrapps.utah.gov/huntboundary/HuntTableData?species=Elk&gender=Antlerless,EA1166,Soldier Summit CWMU,Elk,Antlerless,Any Legal Weapon,CWMU,Contact operator for 2025 season dates,16,0,0
2026-05-26T18:42:45+00:00,https://dwrapps.utah.gov/huntboundary/HuntTableData?species=Elk&gender=Antlerless,EA1167,South Canyon CWMU,Elk,Antlerless,Any Legal Weapon,CWMU,Contact operator for 2025 season dates,12,0,0
2026-05-26T18:42:45+00:00,https://dwrapps.utah.gov/huntboundary/HuntTableData?species=Elk&gender=Antlerless,EA1168,Spring Creek/Dodge CWMU,Elk,Antlerless,Any Legal Weapon,CWMU,Contact operator for 2025 season dates,15,0,0
2026-05-26T18:42:45+00:00,https://dwrapps.utah.gov/huntboundary/HuntTableData?species=Elk&gender=Antlerless,EA1170,Strawberry Ridge CWMU,Elk,Antlerless,Any Legal Weapon,CWMU,Contact operator for 2025 season dates,10,0,0
2026-05-26T18:42:45+00:00,https://dwrapps.utah.gov/huntboundary/HuntTableData?species=Elk&gender=Antlerless,EA1171,Summit Point CWMU,Elk,Antlerless,Any Legal Weapon,CWMU,Contact operator for 2025 season dates,5,0,0
2026-05-26T18:42:45+00:00,https://dwrapps.utah.gov/huntboundary/HuntTableData?species=Elk&gender=Antlerless,EA1172,Three C CWMU,Elk,Antlerless,Any Legal Weapon,CWMU,Contact operator for 2025 season dates,9,0,0
2026-05-26T18:42:45+00:00,https://dwrapps.utah.gov/huntboundary/HuntTableData?species=Elk&gender=Antlerless,EA1174,Two Bear CWMU,Elk,Antlerless,Any Legal Weapon,CWMU,Contact operator for 2025 season dates,60,0,0
2026-05-26T18:42:45+00:00,https://dwrapps.utah.gov/huntboundary/HuntTableData?species=Elk&gender=Antlerless,EA1175,Wallsburg CWMU,Elk,Antlerless,Any Legal Weapon,CWMU,Contact operator for 2025 season dates,10,0,0
2026-05-26T18:42:45+00:00,https://dwrapps.utah.gov/huntboundary/HuntTableData?species=Elk&gender=Antlerless,EA1177,Woodruff Creek South CWMU,Elk,Antlerless,Any Legal Weapon,CWMU,Contact operator for 2025 season dates,8,0,0
2026-05-26T18:42:45+00:00,https://dwrapps.utah.gov/huntboundary/HuntTableData?species=Elk&gender=Antlerless,EA1180,La Sal (Conservation),Elk,Antlerless,Any Legal Weapon,Conservation,"Oct 4 - Oct 16, 2025 & Nov 17 - Dec 31, 2025",0,0,0
2026-05-26T18:42:45+00:00,https://dwrapps.utah.gov/huntboundary/HuntTableData?species=Elk&gender=Antlerless,EA1187,"Paunsaugunt, Hatch Bench",Elk,Antlerless,Any Legal Weapon,General Season,Nov 22 2025 - Dec 30 2025,13,2,15
2026-05-26T18:42:45+00:00,https://dwrapps.utah.gov/huntboundary/HuntTableData?species=Elk&gender=Antlerless,EA1189,"Wasatch Mtns, West-Central",Elk,Antlerless,Muzzleloader,General Season,Nov 01 2025 - Nov 09 2025,382,43,425
2026-05-26T18:42:45+00:00,https://dwrapps.utah.gov/huntboundary/HuntTableData?species=Elk&gender=Antlerless,EA1192,Pahvant Ensign CWMU,Elk,Antlerless,Any Legal Weapon,CWMU,Contact operator for 2025 season dates,6,0,0
2026-05-26T18:42:45+00:00,https://dwrapps.utah.gov/huntboundary/HuntTableData?species=Elk&gender=Antlerless,EA1193,"Cache, Rich",Elk,Antlerless,Any Legal Weapon,General Season,Nov 15 2025 - Jan 10 2026,18,2,20
2026-05-26T18:42:45+00:00,https://dwrapps.utah.gov/huntboundary/HuntTableData?species=Elk&gender=Antlerless,EA1196,"North Slope, Summit",Elk,Antlerless,Any Legal Weapon,General Season,Oct 04 2025 - Oct 26 2025,67,8,75
2026-05-26T18:42:45+00:00,https://dwrapps.utah.gov/huntboundary/HuntTableData?species=Elk&gender=Antlerless,EA1198,Bear Springs CWMU,Elk,Antlerless,Any Legal Weapon,CWMU,Contact operator for 2025 season dates,2,0,0
2026-05-26T18:42:45+00:00,https://dwrapps.utah.gov/huntboundary/HuntTableData?species=Elk&gender=Antlerless,EA1200,Double R Ranch CWMU,Elk,Antlerless,Any Legal Weapon,CWMU,Contact operator for 2025 season dates,10,0,0
2026-05-26T18:42:45+00:00,https://dwrapps.utah.gov/huntboundary/HuntTableData?species=Elk&gender=Antlerless,EA1201,Mountain Sky Ranch CWMU,Elk,Antlerless,Any Legal Weapon,CWMU,Contact operator for 2025 season dates,10,0,0
2026-05-26T18:42:45+00:00,https://dwrapps.utah.gov/huntboundary/HuntTableData?species=Elk&gender=Antlerless,EA1203,"Box Elder, Pilot Mtn",Elk,Antlerless,Any Legal Weapon,General Season,Aug 01 2025 - Aug 15 2025,4,1,5
2026-05-26T18:42:45+00:00,https://dwrapps.utah.gov/huntboundary/HuntTableData?species=Elk&gender=Antlerless,EA1204,"Box Elder, Pilot Mtn",Elk,Antlerless,Any Legal Weapon,General Season,Oct 11 2025 - Nov 01 2025,4,1,5
2026-05-26T18:42:45+00:00,https://dwrapps.utah.gov/huntboundary/HuntTableData?species=Elk&gender=Antlerless,EA1206,"Cache, Richmond Hyde Park",Elk,Antlerless,Any Legal Weapon,General Season,Dec 02 2025 - Jan 15 2026,9,1,10
2026-05-26T18:42:45+00:00,https://dwrapps.utah.gov/huntboundary/HuntTableData?species=Elk&gender=Antlerless,EA1207,"Nebo, Moroni Hills",Elk,Antlerless,Any Legal Weapon,General Season,Aug 01 2025 - Aug 19 2025,9,1,10
2026-05-26T18:42:45+00:00,https://dwrapps.utah.gov/huntboundary/HuntTableData?species=Elk&gender=Antlerless,EA1208,Nebo,Elk,Antlerless,Any Legal Weapon,General Season,Nov 15 2025 - Jan 18 2026,247,28,275
2026-05-26T18:42:45+00:00,https://dwrapps.utah.gov/huntboundary/HuntTableData?species=Elk&gender=Antlerless,EA1209,"Fillmore, Oak Creek LE",Elk,Antlerless,Any Legal Weapon,General Season,Nov 15 2025 - Jan 30 2026,45,5,50
2026-05-26T18:42:45+00:00,https://dwrapps.utah.gov/huntboundary/HuntTableData?species=Elk&gender=Antlerless,EA1217,"Wasatch Mtns, Avintaquin",Elk,Antlerless,Any Legal Weapon,General Season,Oct 04 2025 - Oct 16 2025,135,15,150
2026-05-26T18:42:45+00:00,https://dwrapps.utah.gov/huntboundary/HuntTableData?species=Elk&gender=Antlerless,EA1220,Manti (Expo),Elk,Antlerless,Any Legal Weapon,General Season,"Oct 4 - Oct 16, 2025",0,0,0
2026-05-26T18:42:45+00:00,https://dwrapps.utah.gov/huntboundary/HuntTableData?species=Elk&gender=Antlerless,EA1221,Fishlake/Thousand Lake (Expo),Elk,Antlerless,Any Legal Weapon,General Season,"Oct 4 - Oct 16, 2025",0,0,0
2026-05-26T18:42:45+00:00,https://dwrapps.utah.gov/huntboundary/HuntTableData?species=Elk&gender=Antlerless,EA1222,"Beaver, East",Elk,Antlerless,Any Legal Weapon,General Season,Nov 22 2025 - Dec 12 2025,27,3,30
2026-05-26T18:42:45+00:00,https://dwrapps.utah.gov/huntboundary/HuntTableData?species=Elk&gender=Antlerless,EA1223,"Beaver, East",Elk,Antlerless,Any Legal Weapon,General Season,Dec 13 2025 - Dec 27 2025,27,3,30
2026-05-26T18:42:45+00:00,https://dwrapps.utah.gov/huntboundary/HuntTableData?species=Elk&gender=Antlerless,EA1224,"Book Cliffs, Bitter Creek/South",Elk,Antlerless,Any Legal Weapon,General Season,Oct 04 2025 - Oct 16 2025,117,13,130
2026-05-26T18:42:45+00:00,https://dwrapps.utah.gov/huntboundary/HuntTableData?species=Elk&gender=Antlerless,EA1225,"Book Cliffs, Bitter Creek/South",Elk,Antlerless,Any Legal Weapon,General Season,Nov 17 2025 - Dec 14 2025,147,16,163
2026-05-26T18:42:45+00:00,https://dwrapps.utah.gov/huntboundary/HuntTableData?species=Elk&gender=Antlerless,EA1226,"Nebo, Moroni Hills",Elk,Antlerless,Any Legal Weapon,General Season,Sep 13 2025 - Oct 03 2025,9,1,10
2026-05-26T18:42:45+00:00,https://dwrapps.utah.gov/huntboundary/HuntTableData?species=Elk&gender=Antlerless,EA1228,Morgan-South Rich,Elk,Antlerless,Any Legal Weapon,General Season,Dec 01 2025 - Dec 21 2025,67,8,75
2026-05-26T18:42:45+00:00,https://dwrapps.utah.gov/huntboundary/HuntTableData?species=Elk&gender=Antlerless,EA1229,Morgan-South Rich,Elk,Antlerless,Any Legal Weapon,General Season,Dec 22 2025 - Jan 31 2026,144,16,160
2026-05-26T18:42:45+00:00,https://dwrapps.utah.gov/huntboundary/HuntTableData?species=Elk&gender=Antlerless,EA1231,"West Desert, Tintic Valley",Elk,Antlerless,Any Legal Weapon,General Season,Nov 08 2025 - Jan 31 2026,45,5,50
2026-05-26T18:42:45+00:00,https://dwrapps.utah.gov/huntboundary/HuntTableData?species=Elk&gender=Antlerless,EA1233,Avintaquin Canyon CWMU,Elk,Antlerless,Any Legal Weapon,CWMU,Contact operator for 2025 season dates,4,0,0
2026-05-26T18:42:45+00:00,https://dwrapps.utah.gov/huntboundary/HuntTableData?species=Elk&gender=Antlerless,EA1234,Royal Ivory Outfitters CWMU,Elk,Antlerless,Any Legal Weapon,CWMU,Contact operator for 2025 season dates,15,0,0
2026-05-26T18:42:45+00:00,https://dwrapps.utah.gov/huntboundary/HuntTableData?species=Elk&gender=Antlerless,EA1235,Sharp Mountain CWMU,Elk,Antlerless,Any Legal Weapon,CWMU,Contact operator for 2025 season dates,10,0,0
2026-05-26T18:42:45+00:00,https://dwrapps.utah.gov/huntboundary/HuntTableData?species=Elk&gender=Antlerless,EA1236,East Canyon,Elk,Antlerless,Any Legal Weapon,General Season,Dec 01 2025 - Jan 11 2026,135,15,150
2026-05-26T18:42:45+00:00,https://dwrapps.utah.gov/huntboundary/HuntTableData?species=Elk&gender=Antlerless,EA1237,"La Sal, La Sal Mtns-North",Elk,Antlerless,Any Legal Weapon,General Season,Nov 17 2025 - Dec 07 2025,157,18,175
2026-05-26T18:42:45+00:00,https://dwrapps.utah.gov/huntboundary/HuntTableData?species=Elk&gender=Antlerless,EA1239,"Nine Mile, Range Creek",Elk,Antlerless,Any Legal Weapon,General Season,Oct 04 2025 - Oct 26 2025,45,5,50
2026-05-26T18:42:45+00:00,https://dwrapps.utah.gov/huntboundary/HuntTableData?species=Elk&gender=Antlerless,EA1240,"Nine Mile, Range Creek",Elk,Antlerless,Any Legal Weapon,General Season,Nov 27 2025 - Jan 31 2026,135,15,150
2026-05-26T18:42:45+00:00,https://dwrapps.utah.gov/huntboundary/HuntTableData?species=Elk&gender=Antlerless,EA1242,"Vernal, Buckskin Hills-Jensen",Elk,Antlerless,Any Legal Weapon,General Season,Dec 01 2025 - Dec 31 2025,90,10,100
2026-05-26T18:42:45+00:00,https://dwrapps.utah.gov/huntboundary/HuntTableData?species=Elk&gender=Antlerless,EA1243,"Vernal, Buckskin Hills-Jensen",Elk,Antlerless,Any Legal Weapon,General Season,Jan 01 2026 - Jan 31 2026,90,10,100
2026-05-26T18:42:45+00:00,https://dwrapps.utah.gov/huntboundary/HuntTableData?species=Elk&gender=Antlerless,EA1244,Yellowstone,Elk,Antlerless,Any Legal Weapon,General Season,Oct 04 2025 - Oct 17 2025,90,10,100
2026-05-26T18:42:45+00:00,https://dwrapps.utah.gov/huntboundary/HuntTableData?species=Elk&gender=Antlerless,EA1245,Yellowstone,Elk,Antlerless,Muzzleloader,General Season,Oct 29 2025 - Nov 06 2025,45,5,50
2026-05-26T18:42:45+00:00,https://dwrapps.utah.gov/huntboundary/HuntTableData?species=Elk&gender=Antlerless,EA1250,"North Slope, West Daggett",Elk,Antlerless,Any Legal Weapon,General Season,Oct 04 2025 - Oct 26 2025,27,3,30
2026-05-26T18:42:45+00:00,https://dwrapps.utah.gov/huntboundary/HuntTableData?species=Elk&gender=Antlerless,EA1251,"Southwest Desert, Burbank/Garrison",Elk,Antlerless,Any Legal Weapon,General Season,Aug 01 2025 - Aug 15 2025,13,2,15
2026-05-26T18:42:45+00:00,https://dwrapps.utah.gov/huntboundary/HuntTableData?species=Elk&gender=Antlerless,EA1254,Pine Valley,Elk,Antlerless,Any Legal Weapon,General Season,Nov 11 2025 - Jan 11 2026,27,3,30
2026-05-26T18:42:45+00:00,https://dwrapps.utah.gov/huntboundary/HuntTableData?species=Elk&gender=Antlerless,EA1256,Little Pole Canyon CWMU,Elk,Antlerless,Any Legal Weapon,CWMU,Contact operator for 2025 season dates,9,0,0
2026-05-26T18:42:45+00:00,https://dwrapps.utah.gov/huntboundary/HuntTableData?species=Elk&gender=Antlerless,EA1257,Tunnel Hollow CWMU,Elk,Antlerless,Any Legal Weapon,CWMU,Contact operator for 2025 season dates,5,0,0
2026-05-26T18:42:45+00:00,https://dwrapps.utah.gov/huntboundary/HuntTableData?species=Elk&gender=Antlerless,EA1258,La Sal (Expo),Elk,Antlerless,Any Legal Weapon,General Season,"Oct 4 - Oct 16, 2025",0,0,0
2026-05-26T18:42:45+00:00,https://dwrapps.utah.gov/huntboundary/HuntTableData?species=Elk&gender=Antlerless,EA1259,Diamond Mountain CWMU,Elk,Antlerless,Any Legal Weapon,CWMU,Contact operator for 2025 season dates,2,0,0
2026-05-26T18:42:45+00:00,https://dwrapps.utah.gov/huntboundary/HuntTableData?species=Elk&gender=Antlerless,EA1260,West Ridge CWMU,Elk,Antlerless,Any Legal Weapon,CWMU,Contact operator for 2025 season dates,5,0,0
2026-05-26T18:42:45+00:00,https://dwrapps.utah.gov/huntboundary/HuntTableData?species=Elk&gender=Antlerless,EA1261,Blackhawk CWMU,Elk,Antlerless,Any Legal Weapon,CWMU,Contact operator for 2025 season dates,5,0,0
2026-05-26T18:42:45+00:00,https://dwrapps.utah.gov/huntboundary/HuntTableData?species=Elk&gender=Antlerless,EA1263,Weber Florence Creek/Stillman Creek CWMU,Elk,Antlerless,Any Legal Weapon,CWMU,Contact operator for 2025 season dates,35,0,0
2026-05-26T18:42:45+00:00,https://dwrapps.utah.gov/huntboundary/HuntTableData?species=Elk&gender=Antlerless,EA1264,"Wasatch Mtns, Rabbit Gulch",Elk,Antlerless,Any Legal Weapon,General Season,Jan 17 2026 - Jan 25 2026,45,5,50
2026-05-26T18:42:45+00:00,https://dwrapps.utah.gov/huntboundary/HuntTableData?species=Elk&gender=Antlerless,EA1265,"Wasatch Mtns, Tabby Mtn",Elk,Antlerless,Any Legal Weapon,General Season,Dec 20 2025 - Dec 30 2025,90,10,100
2026-05-26T18:42:45+00:00,https://dwrapps.utah.gov/huntboundary/HuntTableData?species=Elk&gender=Antlerless,EA1266,"Box Elder, Hansel Mtn",Elk,Antlerless,Any Legal Weapon,General Season,Aug 01 2025 - Jan 31 2026,18,2,20
2026-05-26T18:42:45+00:00,https://dwrapps.utah.gov/huntboundary/HuntTableData?species=Elk&gender=Antlerless,EA1267,Cache,Elk,Antlerless,Any Legal Weapon,General Season,Oct 04 2025 - Oct 26 2025,81,9,90
2026-05-26T18:42:45+00:00,https://dwrapps.utah.gov/huntboundary/HuntTableData?species=Elk&gender=Antlerless,EA1268,"North Slope, Summit",Elk,Antlerless,Archery,General Season,Aug 16 2025 - Sep 17 2025,180,20,200
2026-05-26T18:42:45+00:00,https://dwrapps.utah.gov/huntboundary/HuntTableData?species=Elk&gender=Antlerless,EA1269,Ogden (Excludes Hyrum),Elk,Antlerless,Any Legal Weapon,General Season,Dec 01 2025 - Dec 31 2025,180,20,200
2026-05-26T18:42:45+00:00,https://dwrapps.utah.gov/huntboundary/HuntTableData?species=Elk&gender=Antlerless,EA1270,Fishlake (Conservation),Elk,Antlerless,Any Legal Weapon,Conservation,"Oct 4 - Oct 16, 2025 & Nov 22 - Dec 31, 2025",0,0,0
2026-05-26T18:42:45+00:00,https://dwrapps.utah.gov/huntboundary/HuntTableData?species=Elk&gender=Antlerless,EA1271,Manti (Conservation),Elk,Antlerless,Any Legal Weapon,Conservation,"Oct 4 - Oct 16, 2025 & Nov 19, 2025 - Jan 31, 2026",0,0,0
2026-05-26T18:42:45+00:00,https://dwrapps.utah.gov/huntboundary/HuntTableData?species=Elk&gender=Antlerless,EA1272,"East Canyon, East",Elk,Antlerless,Any Legal Weapon,General Season,Dec 01 2025 - Jan 31 2026,135,15,150
2026-05-26T18:42:45+00:00,https://dwrapps.utah.gov/huntboundary/HuntTableData?species=Elk&gender=Antlerless,EA1273,"North Slope, Three Corners",Elk,Antlerless,Any Legal Weapon,General Season,Dec 20 2025 - Jan 04 2026,22,3,25
2026-05-26T18:42:45+00:00,https://dwrapps.utah.gov/huntboundary/HuntTableData?species=Elk&gender=Antlerless,EA1274,"North Slope, Three Corners",Elk,Antlerless,Archery,General Season,Aug 16 2025 - Sep 05 2025,22,3,25
2026-05-26T18:42:45+00:00,https://dwrapps.utah.gov/huntboundary/HuntTableData?species=Elk&gender=Antlerless,EA1276,"Wasatch Mtns, Box Elder Peak",Elk,Antlerless,Any Legal Weapon,General Season,Oct 04 2025 - Oct 16 2025,40,5,45
2026-05-26T18:42:45+00:00,https://dwrapps.utah.gov/huntboundary/HuntTableData?species=Elk&gender=Antlerless,EA1277,"North Slope, Three Corners",Elk,Antlerless,Any Legal Weapon,General Season,Nov 22 2025 - Nov 30 2025,22,3,25
2026-05-26T18:42:45+00:00,https://dwrapps.utah.gov/huntboundary/HuntTableData?species=Elk&gender=Antlerless,EA1278,"Manti, Ferron-Nelson Mtn",Elk,Antlerless,Any Legal Weapon,General Season,Oct 04 2025 - Nov 30 2025,45,5,50
2026-05-26T18:42:45+00:00,https://dwrapps.utah.gov/huntboundary/HuntTableData?species=Elk&gender=Antlerless,EA1279,"Manti, Ferron-Nelson Mtn",Elk,Antlerless,Any Legal Weapon,General Season,Dec 01 2025 - Jan 31 2026,45,5,50
2026-05-26T18:42:45+00:00,https://dwrapps.utah.gov/huntboundary/HuntTableData?species=Elk&gender=Antlerless,EA1280,"La Sal, La Sal Mtns-North",Elk,Antlerless,Any Legal Weapon,General Season,Dec 08 2025 - Dec 31 2025,157,18,175
2026-05-26T18:42:45+00:00,https://dwrapps.utah.gov/huntboundary/HuntTableData?species=Elk&gender=Antlerless,EA1281,"Mt Dutton, Deep Creek",Elk,Antlerless,Any Legal Weapon,General Season,Dec 20 2025 - Jan 11 2026,67,8,75
2026-05-26T18:42:45+00:00,https://dwrapps.utah.gov/huntboundary/HuntTableData?species=Elk&gender=Antlerless,EA1282,"Ogden, North",Elk,Antlerless,Archery,General Season,Dec 16 2025 - Jan 31 2026,180,20,200
2026-05-26T18:42:45+00:00,https://dwrapps.utah.gov/huntboundary/HuntTableData?species=Elk&gender=Antlerless,EA1283,Panguitch Lake,Elk,Antlerless,Archery,General Season,Aug 16 2025 - Aug 31 2025,31,4,35
2026-05-26T18:42:45+00:00,https://dwrapps.utah.gov/huntboundary/HuntTableData?species=Elk&gender=Antlerless,EA1284,Panguitch Lake,Elk,Antlerless,Muzzleloader,General Season,Oct 29 2025 - Nov 06 2025,31,4,35
2026-05-26T18:42:45+00:00,https://dwrapps.utah.gov/huntboundary/HuntTableData?species=Elk&gender=Antlerless,EA1285,Panguitch Lake,Elk,Antlerless,Any Legal Weapon,General Season,Dec 13 2025 - Dec 21 2025,31,4,35
2026-05-26T18:42:45+00:00,https://dwrapps.utah.gov/huntboundary/HuntTableData?species=Elk&gender=Antlerless,EA1286,Monroe,Elk,Antlerless,Any Legal Weapon,General Season,2026 Season Dates Pending,0,0,0
2026-05-26T18:42:45+00:00,https://dwrapps.utah.gov/huntboundary/HuntTableData?species=Elk&gender=Antlerless,EA2000,Antlerless Elk Control,Elk,Antlerless,Any Legal Weapon,Antlerless Elk Control,"Valid for the season/weapon listed on your qualifying permit on the Chalk Creek, East Canyon, Kamas, Henry Mtns, Morgan-S. Rich, Ogden, Pine Valley & Zion Units",0,0,0
2026-05-26T18:42:45+00:00,https://dwrapps.utah.gov/huntboundary/HuntTableData?species=Elk&gender=Antlerless,EA2002,Morgan-South Rich,Elk,Antlerless,Any Legal Weapon,Private Lands Only,Aug 01 2025 - Jan 31 2026,0,0,600
2026-05-26T18:42:45+00:00,https://dwrapps.utah.gov/huntboundary/HuntTableData?species=Elk&gender=Antlerless,EA2003,East Canyon,Elk,Antlerless,Any Legal Weapon,Private Lands Only,Aug 01 2025 - Jan 31 2026,0,0,500
2026-05-26T18:42:45+00:00,https://dwrapps.utah.gov/huntboundary/HuntTableData?species=Elk&gender=Antlerless,EA2004,Chalk Creek,Elk,Antlerless,Any Legal Weapon,Private Lands Only,Aug 01 2025 - Jan 31 2026,0,0,600
2026-05-26T18:42:45+00:00,https://dwrapps.utah.gov/huntboundary/HuntTableData?species=Elk&gender=Antlerless,EA2005,"North Slope, West Daggett",Elk,Antlerless,Any Legal Weapon,Private Lands Only,Aug 01 2025 - Jan 31 2026,0,0,100
2026-05-26T18:42:45+00:00,https://dwrapps.utah.gov/huntboundary/HuntTableData?species=Elk&gender=Antlerless,EA2006,Yellowstone,Elk,Antlerless,Any Legal Weapon,Private Lands Only,Aug 01 2025 - Jan 31 2026,0,0,2000
2026-05-26T18:42:45+00:00,https://dwrapps.utah.gov/huntboundary/HuntTableData?species=Elk&gender=Antlerless,EA2008,"Nine Mile, Anthro-Myton Bench",Elk,Antlerless,Any Legal Weapon,Private Lands Only,Aug 01 2025 - Jan 31 2026,0,0,250
2026-05-26T18:42:45+00:00,https://dwrapps.utah.gov/huntboundary/HuntTableData?species=Elk&gender=Antlerless,EA2009,"La Sal, La Sal Mtns",Elk,Antlerless,Any Legal Weapon,Private Lands Only,Aug 01 2025 - Jan 31 2026,0,0,70
2026-05-26T18:42:45+00:00,https://dwrapps.utah.gov/huntboundary/HuntTableData?species=Elk&gender=Antlerless,EA2010,San Juan,Elk,Antlerless,Any Legal Weapon,Private Lands Only,Aug 01 2025 - Jan 31 2026,0,0,50
2026-05-26T18:42:45+00:00,https://dwrapps.utah.gov/huntboundary/HuntTableData?species=Elk&gender=Antlerless,EA2011,Manti,Elk,Antlerless,Any Legal Weapon,Private Lands Only,Aug 01 2025 - Jan 31 2026,0,0,300
2026-05-26T18:42:45+00:00,https://dwrapps.utah.gov/huntboundary/HuntTableData?species=Elk&gender=Antlerless,EA2012,"Wasatch Mtns, West",Elk,Antlerless,Any Legal Weapon,Private Lands Only,Aug 01 2025 - Jan 31 2026,0,0,400
2026-05-26T18:42:45+00:00,https://dwrapps.utah.gov/huntboundary/HuntTableData?species=Elk&gender=Antlerless,EA2013,"Wasatch Mtns, Currant Creek",Elk,Antlerless,Any Legal Weapon,Private Lands Only,Aug 01 2025 - Jan 31 2026,0,0,2000
2026-05-26T18:42:45+00:00,https://dwrapps.utah.gov/huntboundary/HuntTableData?species=Elk&gender=Antlerless,EA2014,"Wasatch Mtns, Avintaquin - White River",Elk,Antlerless,Any Legal Weapon,Private Lands Only,Aug 01 2025 - Jan 31 2026,0,0,400
2026-05-26T18:42:45+00:00,https://dwrapps.utah.gov/huntboundary/HuntTableData?species=Elk&gender=Antlerless,EA2015,Paunsaugunt,Elk,Antlerless,Any Legal Weapon,Private Lands Only,Aug 01 2025 - Jan 31 2026,0,0,100
2026-05-26T18:42:45+00:00,https://dwrapps.utah.gov/huntboundary/HuntTableData?species=Elk&gender=Antlerless,EA2016,Nebo,Elk,Antlerless,Any Legal Weapon,Private Lands Only,Aug 01 2025 - Jan 31 2026,0,0,275
2026-05-26T18:42:45+00:00,https://dwrapps.utah.gov/huntboundary/HuntTableData?species=Elk&gender=Antlerless,EA2017,Mt Dutton,Elk,Antlerless,Any Legal Weapon,Private Lands Only,Aug 01 2025 - Jan 31 2026,0,0,75
2026-05-26T18:42:45+00:00,https://dwrapps.utah.gov/huntboundary/HuntTableData?species=Elk&gender=Antlerless,EA2018,Panguitch Lake,Elk,Antlerless,Any Legal Weapon,Private Lands Only,Aug 01 2025 - Jan 31 2026,0,0,75
2026-05-26T18:42:45+00:00,https://dwrapps.utah.gov/huntboundary/HuntTableData?species=Elk&gender=Antlerless,EA2019,"West Desert, Tintic Valley",Elk,Antlerless,Any Legal Weapon,Private Lands Only,Aug 01 2025 - Jan 31 2026,0,0,60
2026-05-26T18:42:45+00:00,https://dwrapps.utah.gov/huntboundary/HuntTableData?species=Elk&gender=Antlerless,EA2020,Zion,Elk,Antlerless,Any Legal Weapon,Private Lands Only,Aug 01 2025 - Jan 31 2026,0,0,320
2026-05-26T18:42:45+00:00,https://dwrapps.utah.gov/huntboundary/HuntTableData?species=Elk&gender=Antlerless,EA2021,"Beaver, East",Elk,Antlerless,Any Legal Weapon,Private Lands Only,Aug 01 2025 - Jan 31 2026,0,0,30
2026-05-26T18:42:45+00:00,https://dwrapps.utah.gov/huntboundary/HuntTableData?species=Elk&gender=Antlerless,EA2026,"Box Elder, Hansel Mtn",Elk,Antlerless,Any Legal Weapon,Private Lands Only,Aug 01 2025 - Jan 31 2026,0,0,200
2026-05-26T18:42:45+00:00,https://dwrapps.utah.gov/huntboundary/HuntTableData?species=Elk&gender=Antlerless,EA2027,Cache,Elk,Antlerless,Any Legal Weapon,Private Lands Only,Aug 01 2025 - Jan 31 2026,0,0,300
2026-05-26T18:42:45+00:00,https://dwrapps.utah.gov/huntboundary/HuntTableData?species=Elk&gender=Antlerless,EA2028,Vernal/Bonanza,Elk,Antlerless,Any Legal Weapon,Private Lands Only,Aug 01 2025 - Jan 31 2026,0,0,450
2026-05-26T18:42:45+00:00,https://dwrapps.utah.gov/huntboundary/HuntTableData?species=Elk&gender=Antlerless,EA2029,"Nine Mile, Range Creek",Elk,Antlerless,Any Legal Weapon,Private Lands Only,Aug 01 2025 - Jan 31 2026,0,0,150
2026-05-26T18:42:45+00:00,https://dwrapps.utah.gov/huntboundary/HuntTableData?species=Elk&gender=Antlerless,EA2030,Diamond Mtn,Elk,Antlerless,Any Legal Weapon,Private Lands Only,Aug 01 2025 - Jan 31 2026,0,0,200
2026-05-26T18:42:45+00:00,https://dwrapps.utah.gov/huntboundary/HuntTableData?species=Elk&gender=Antlerless,EA2033,Kamas,Elk,Antlerless,Archery,General Season,Aug 16 2025 - Sep 17 2025,225,25,250
2026-05-26T18:42:45+00:00,https://dwrapps.utah.gov/huntboundary/HuntTableData?species=Elk&gender=Antlerless,EA2034,"Nine Mile, Anthro",Elk,Antlerless,Archery,General Season,Aug 16 2025 - Sep 17 2025,180,20,200
2026-05-26T18:42:45+00:00,https://dwrapps.utah.gov/huntboundary/HuntTableData?species=Elk&gender=Antlerless,EA2036,"Oquirrh-Stansbury, East",Elk,Antlerless,Any Legal Weapon,General Season,Nov 08 2025 - Jan 31 2026,54,6,60
2026-05-26T18:42:45+00:00,https://dwrapps.utah.gov/huntboundary/HuntTableData?species=Elk&gender=Antlerless,EA2037,Yellowstone,Elk,Antlerless,Archery,General Season,Aug 16 2025 - Sep 17 2025,180,20,200
2026-05-26T18:42:45+00:00,https://dwrapps.utah.gov/huntboundary/HuntTableData?species=Elk&gender=Antlerless,EA2038,Wasatch Mtns,Elk,Antlerless,Archery,General Season,Aug 16 2025 - Sep 05 2025,1080,120,1200
2026-05-26T18:42:45+00:00,https://dwrapps.utah.gov/huntboundary/HuntTableData?species=Elk&gender=Antlerless,EA2039,"Fillmore, Pahvant",Elk,Antlerless,Any Legal Weapon,Private Lands Only,Aug 01 2025 - Jan 31 2026,0,0,150
2026-05-26T18:42:45+00:00,https://dwrapps.utah.gov/huntboundary/HuntTableData?species=Elk&gender=Antlerless,EA2040,Kamas,Elk,Antlerless,Any Legal Weapon,Private Lands Only,Aug 01 2025 - Jan 31 2026,0,0,150
2026-05-26T18:42:45+00:00,https://dwrapps.utah.gov/huntboundary/HuntTableData?species=Elk&gender=Antlerless,EA2041,Cache (Conservation),Elk,Antlerless,Any Legal Weapon,Conservation,"Oct 4 - Oct 26, 2025",0,0,0
2026-05-26T18:42:45+00:00,https://dwrapps.utah.gov/huntboundary/HuntTableData?species=Elk&gender=Antlerless,EA2045,Wasatch Mtns (Conservation),Elk,Antlerless,Any Legal Weapon,Conservation,"Oct 4 - Oct 16, 2025 & Nov 15, 2025 - Jan 31, 2026",0,0,0
2026-05-26T18:42:45+00:00,https://dwrapps.utah.gov/huntboundary/HuntTableData?species=Elk&gender=Antlerless,EA2046,"Box Elder, Sawtooth",Elk,Antlerless,Any Legal Weapon,Private Lands Only,Aug 01 2025 - Jan 31 2026,0,0,25
2026-05-26T18:42:45+00:00,https://dwrapps.utah.gov/huntboundary/HuntTableData?species=Pronghorn&gender=Doe,PD1000,"Box Elder, Snowville",Pronghorn,Doe,Any Legal Weapon,General Season,Nov 08 2025 - Dec 07 2025,72,8,80
2026-05-26T18:42:45+00:00,https://dwrapps.utah.gov/huntboundary/HuntTableData?species=Pronghorn&gender=Doe,PD1012,"Box Elder, Promontory",Pronghorn,Doe,Any Legal Weapon,General Season,Oct 04 2025 - Oct 26 2025,22,3,25
2026-05-26T18:42:45+00:00,https://dwrapps.utah.gov/huntboundary/HuntTableData?species=Pronghorn&gender=Doe,PD1017,"Box Elder, West",Pronghorn,Doe,Any Legal Weapon,General Season,Oct 04 2025 - Oct 26 2025,49,6,55
2026-05-26T18:42:45+00:00,https://dwrapps.utah.gov/huntboundary/HuntTableData?species=Pronghorn&gender=Doe,PD1031,Westlake CWMU,Pronghorn,Doe,Any Legal Weapon,CWMU,Contact operator for 2025 season dates,9,0,0
2026-05-26T18:42:45+00:00,https://dwrapps.utah.gov/huntboundary/HuntTableData?species=Pronghorn&gender=Doe,PD1033,"San Rafael, Poison Springs Bench",Pronghorn,Doe,Any Legal Weapon,General Season,Oct 04 2025 - Oct 26 2025,13,2,15
2026-05-26T18:42:45+00:00,https://dwrapps.utah.gov/huntboundary/HuntTableData?species=Pronghorn&gender=Doe,PD1034,"Fillmore, Oak Creek South",Pronghorn,Doe,Any Legal Weapon,General Season,Aug 01 2025 - Aug 13 2025,27,3,30
2026-05-26T18:42:45+00:00,https://dwrapps.utah.gov/huntboundary/HuntTableData?species=Pronghorn&gender=Doe,PD1035,"Fillmore, Oak Creek South",Pronghorn,Doe,Any Legal Weapon,General Season,Nov 01 2025 - Nov 29 2025,27,3,30
2026-05-26T18:42:45+00:00,https://dwrapps.utah.gov/huntboundary/HuntTableData?species=Pronghorn&gender=Doe,PD1043,"Nine Mile, Anthro-Pleasant Valley",Pronghorn,Doe,Any Legal Weapon,General Season,Aug 01 2025 - Aug 16 2025,9,1,10
2026-05-26T18:42:45+00:00,https://dwrapps.utah.gov/huntboundary/HuntTableData?species=Pronghorn&gender=Doe,PD1044,Vernal-Ouray Valley,Pronghorn,Doe,Any Legal Weapon,General Season,Oct 04 2025 - Oct 16 2025,9,1,10
2026-05-26T18:42:45+00:00,https://dwrapps.utah.gov/huntboundary/HuntTableData?species=Pronghorn&gender=Doe,PD1047,Antelope Creek CWMU,Pronghorn,Doe,Any Legal Weapon,CWMU,Contact operator for 2025 season dates,6,0,0
2026-05-26T18:42:45+00:00,https://dwrapps.utah.gov/huntboundary/HuntTableData?species=Pronghorn&gender=Doe,PD1048,The Rose of Snowville CWMU,Pronghorn,Doe,Any Legal Weapon,CWMU,Contact operator for 2025 season dates,2,0,0
2026-05-26T18:42:45+00:00,https://dwrapps.utah.gov/huntboundary/HuntTableData?species=Pronghorn&gender=Doe,PD1049,Zane CWMU,Pronghorn,Doe,Any Legal Weapon,CWMU,Contact operator for 2025 season dates,6,0,0
2026-05-26T18:42:45+00:00,https://dwrapps.utah.gov/huntboundary/HuntTableData?species=Pronghorn&gender=Doe,PD1050,Cottonwood Ridge CWMU,Pronghorn,Doe,Any Legal Weapon,CWMU,Contact operator for 2025 season dates,6,0,0
2026-05-26T18:42:45+00:00,https://dwrapps.utah.gov/huntboundary/HuntTableData?species=Pronghorn&gender=Doe,PD1051,Pahvant Ensign CWMU,Pronghorn,Doe,Any Legal Weapon,CWMU,Contact operator for 2025 season dates,6,0,0
2026-05-26T18:42:45+00:00,https://dwrapps.utah.gov/huntboundary/HuntTableData?species=Pronghorn&gender=Doe,PD1052,Heist CWMU,Pronghorn,Doe,Any Legal Weapon,CWMU,Contact operator for 2025 season dates,6,0,0
2026-05-26T18:42:45+00:00,https://dwrapps.utah.gov/huntboundary/HuntTableData?species=Pronghorn&gender=Doe,PD1053,Green River Flat CWMU,Pronghorn,Doe,Any Legal Weapon,CWMU,Contact operator for 2025 season dates,6,0,0
2026-05-26T18:42:45+00:00,https://dwrapps.utah.gov/huntboundary/HuntTableData?species=Pronghorn&gender=Doe,PD1054,Parker Mtn,Pronghorn,Doe,Archery,General Season,Aug 30 2025 - Sep 12 2025,27,3,30
2026-05-26T18:42:45+00:00,https://dwrapps.utah.gov/huntboundary/HuntTableData?species=Pronghorn&gender=Doe,PD1055,Parker Mtn,Pronghorn,Doe,Muzzleloader,General Season,Oct 29 2025 - Nov 08 2025,31,4,35
2026-05-26T18:42:45+00:00,https://dwrapps.utah.gov/huntboundary/HuntTableData?species=Pronghorn&gender=Doe,PD1056,Parker Mtn,Pronghorn,Doe,Any Legal Weapon,General Season,Dec 13 2025 - Dec 21 2025,36,4,40
2026-05-26T18:42:45+00:00,https://dwrapps.utah.gov/huntboundary/HuntTableData?species=Pronghorn&gender=Doe,PD1057,"Parker Mtn, Highlands",Pronghorn,Doe,Any Legal Weapon,General Season,Oct 08 2025 - Oct 16 2025,31,4,35
2026-05-26T18:42:45+00:00,https://dwrapps.utah.gov/huntboundary/HuntTableData?species=Pronghorn&gender=Doe,PD1058,"Parker Mtn, Highlands",Pronghorn,Doe,Any Legal Weapon,General Season,Nov 22 2025 - Nov 30 2025,36,4,40
2026-05-26T18:42:45+00:00,https://dwrapps.utah.gov/huntboundary/HuntTableData?species=Pronghorn&gender=Doe,PD1059,"Parker Mtn, Plains",Pronghorn,Doe,Any Legal Weapon,General Season,Oct 08 2025 - Oct 16 2025,27,3,30
2026-05-26T18:42:45+00:00,https://dwrapps.utah.gov/huntboundary/HuntTableData?species=Pronghorn&gender=Doe,PD1060,"Parker Mtn, Plains",Pronghorn,Doe,Any Legal Weapon,General Season,Nov 22 2025 - Nov 30 2025,36,4,40
